No,Keywords,Volume,Position,Est. Visits,Seo Difficulty,Ranking Url
1,성범죄 변호,1300,1,577,45,http://crime.gammyung.com/
2,신상 정보,320,1,122,19,http://crime.gammyung.com/sex-crime/crime4-1.html
3,성범죄 전문변호사,1000,2,106,25,http://crime.gammyung.com/
4,성범죄전문 변호사,1000,5,66,48,http://crime.gammyung.com/
5,공중밀집장소 추행,170,1,62,31,http://crime.gammyung.com/sex-crime/molestation-3.html
6,성범죄 변호사,1300,6,62,18,http://crime.gammyung.com/
7,성범죄전문변호사,1000,2,50,25,http://crime.gammyung.com/
8,성범죄 변호사 추천,70,1,26,47,http://crime.gammyung.com/
9,아동 성착취물 처벌 사례,110,3,21,40,http://crime.gammyung.com/bbs/board.php?bo_table=succession_case&wr_id=1541
10,신상정보,320,2,17,32,http://crime.gammyung.com/sex-crime/crime4-1.html
11,성폭행 변호사,50,1,17,19,http://crime.gammyung.com/
12,강제추행전문변호사,70,1,15,69,http://crime.gammyung.com/
13,지하철 추행,260,3,14,24,http://crime.gammyung.com/bbs/board.php?bo_table=press&wr_id=217
14,공중밀집장소추행,140,3,14,31,http://crime.gammyung.com/mobile/sex-crime/molestation-3.html
15,아동 복지법 위반 사례,70,3,12,12,http://crime.gammyung.com/bbs/board.php?bo_table=succession_case&wr_id=1135
16,성범죄,2900,9,11,52,http://crime.gammyung.com/bbs/board.php?bo_table=succession_case
17,성범죄 전문 변호사,1000,6,10,48,http://crime.gammyung.com/
18,감명,320,4,9,31,http://crime.gammyung.com/
19,군대 성범죄 사례,110,2,9,57,http://crime.gammyung.com/bbs/board.php?bo_table=succession_case&num=2&page=14&wr_id=1358
20,통신매체 명예훼손,70,2,9,26,http://crime.gammyung.com/bbs/board.php?bo_table=succession_case&wr_id=1043
21,klabs,390,4,9,1,http://crime.gammyung.com/
22,아동복지법 위반 사례,70,3,8,19,http://crime.gammyung.com/bbs/board.php?bo_table=succession_case&wr_id=1135
23,성범죄 처벌 사례,70,3,8,47,http://crime.gammyung.com/bbs/board.php?bo_table=succession_case&num=1&wr_id=953
24,성범죄변호사상담,140,3,8,45,http://crime.gammyung.com/
25,성범죄 로펌,90,2,8,16,http://crime.gammyung.com/
26,동성 성범죄,70,2,7,26,http://crime.gammyung.com/bbs/board.php?bo_table=succession_case&lawyer=20|나상혁 변호사&wr_id=1489
27,성범죄변호사 추천,70,2,7,23,http://crime.gammyung.com/
28,성착취물 기준,170,6,6,18,http://crime.gammyung.com/bbs/board.php?bo_table=column&wr_id=47
29,아동성착취물 기준,140,4,6,23,http://crime.gammyung.com/bbs/board.php?bo_table=column&wr_id=47
30,성범죄 사건,140,4,6,19,http://crime.gammyung.com/bbs/board.php?bo_table=succession_case
31,금융거래정보 제공 사실 통보서,1600,13,6,5,http://crime.gammyung.com/bbs/board.php?bo_table=online&page=407&wr_id=1532
32,성범죄변호사 상담,140,5,5,3,http://crime.gammyung.com/
33,강제추행변호사,260,5,5,54,http://crime.gammyung.com/
34,감명아,320,6,5,31,http://crime.gammyung.com/bbs/board.php?bo_table=succession_case&num=1&wr_id=1186
35,금융 거래 정보 제공 사실 통보서,1600,13,5,5,http://crime.gammyung.com/bbs/board.php?bo_table=online&page=407&wr_id=1532
36,군대 동성 성범죄 사례,70,2,5,45,http://crime.gammyung.com/bbs/board.php?bo_table=succession_case&num=-7&page=5&wr_id=1482
37,성범죄 신상 공개,720,9,5,15,http://crime.gammyung.com/sex-crime/crime4-1.html
38,성범죄전문,70,3,4,48,http://crime.gammyung.com/
39,유사성 행위,1600,35,4,18,http://crime.gammyung.com/bbs/board.php?bo_table=succession_case&num=1&wr_id=944
40,감명 아,320,7,4,18,http://crime.gammyung.com/bbs/board.php?bo_table=succession_case&num=1&wr_id=1186
41,전담챈,70,3,4,31,http://crime.gammyung.com/bbs/board.php?bo_table=succession_case&num=2&page=30&wr_id=1113
42,신상정보등록,320,6,4,33,http://crime.gammyung.com/sex-crime/crime4-1.html
43,신상 정보 등록,320,6,4,15,http://crime.gammyung.com/sex-crime/crime4-1.html
44,업무상 위력 등에 의한 추행,50,5,3,11,http://crime.gammyung.com/sex-crime/molestation-4.html
45,통 매음 헌터 무시,50,4,3,10,http://crime.gammyung.com/bbs/board.php?bo_table=succession_case&lawyer=5|%EC%95%88%EA%B0%91%EC%B2%A0%20%EB%B3%80%ED%98%B8%EC%82%AC&wr_id=1277
46,아청 물제작,70,3,3,29,http://crime.gammyung.com/bbs/board.php?bo_table=succession_case&wr_id=1569
47,통매음 사진 유도,90,5,3,20,http://crime.gammyung.com/bbs/board.php?bo_table=succession_case&lawyer=5|%EC%95%88%EA%B0%91%EC%B2%A0%20%EB%B3%80%ED%98%B8%EC%82%AC&wr_id=1277
48,신상정보등록 후기,390,9,3,20,http://crime.gammyung.com/sex-crime/crime4-1.html
49,아청물 제작,70,3,3,29,http://crime.gammyung.com/bbs/board.php?bo_table=succession_case&wr_id=1569
50,통 매음 사진 유도,90,5,3,12,http://crime.gammyung.com/bbs/board.php?bo_table=succession_case&lawyer=5|%EC%95%88%EA%B0%91%EC%B2%A0%20%EB%B3%80%ED%98%B8%EC%82%AC&wr_id=1277
51,업소 단속 초범,210,9,3,33,http://crime.gammyung.com/bbs/board.php?bo_table=succession_case&wr_id=1009
52,허위영상물 등의 반포등,50,2,3,28,http://crime.gammyung.com/bbs/board.php?bo_table=succession_case&num=-1&wr_id=1132
53,강제 추행죄,390,18,3,36,http://crime.gammyung.com/sex-crime/molestation.html
54,아동 성 착취 물 시청,50,5,3,54,http://crime.gammyung.com/bbs/board.php?bo_table=succession_case&num=2&wr_id=1261
55,맞선임 뜻,90,6,3,18,http://crime.gammyung.com/bbs/board.php?bo_table=succession_case&num=-3&page=66&wr_id=517
56,성착취물 시청 처벌 사례,90,5,3,50,http://crime.gammyung.com/bbs/board.php?bo_table=succession_case&page=7&wr_id=1458
57,성 착취,720,33,3,18,http://crime.gammyung.com/bbs/board.php?bo_table=succession_case&num=0&wr_id=1473
58,성 착취 물 시청 처벌 사례,90,3,3,50,http://crime.gammyung.com/bbs/board.php?bo_table=succession_case&wr_id=1493
59,불촬물 시청 처벌,140,8,3,16,http://crime.gammyung.com/bbs/board.php?bo_table=online&page=239&wr_id=4248
60,신상정보 등록조회,90,9,2,21,http://crime.gammyung.com/sex-crime/crime4-1.html
61,그루밍 성범죄,480,18,2,24,http://crime.gammyung.com/bbs/board.php?bo_table=column&wr_id=45
62,지하철 접촉,50,7,2,20,http://crime.gammyung.com/bbs/board.php?bo_table=press&wr_id=216
63,사회복무요원 공가,110,25,2,18,http://crime.gammyung.com/bbs/board.php?bo_table=online&page=206&wr_id=4783
64,성범죄 신상등록,90,7,2,24,http://crime.gammyung.com/sex-crime/crime4-1.html
65,에스크 통 매음,90,8,2,17,http://crime.gammyung.com/bbs/board.php?bo_table=online&wr_id=6072
66,에스크통매음,90,8,2,36,http://crime.gammyung.com/bbs/board.php?bo_table=online&wr_id=6072
67,형사전문 법무법인,110,22,2,21,http://crime.gammyung.com/
68,신상정보등록 기간,70,6,2,21,http://crime.gammyung.com/sex-crime/crime4-1.html
69,추행 뜻,170,10,2,41,http://crime.gammyung.com/sex-crime/molestation.html
70,성범죄자 신상등록,90,7,2,24,http://crime.gammyung.com/sex-crime/crime4-1.html
71,만 16세 이상 합의,590,24,2,33,http://crime.gammyung.com/bbs/board.php?bo_table=succession_case&sca=성폭행&wr_id=1514
72,사진 유포죄,110,23,2,30,http://crime.gammyung.com/bbs/board.php?bo_table=succession_case&page=54&wr_id=736
73,재물손괴미수,90,8,2,32,http://crime.gammyung.com/bbs/board.php?bo_table=succession_case&num=-3&wr_id=930
74,진술만으로 처벌,140,21,2,23,http://crime.gammyung.com/bbs/board.php?bo_table=succession_case&num=0&wr_id=843
75,준강제추행 합의금,140,26,2,37,http://crime.gammyung.com/bbs/board.php?bo_table=succession_case&num=2&wr_id=924
76,군대 동성 성범죄,70,6,2,18,http://crime.gammyung.com/bbs/board.php?bo_table=succession_case&num=1&page=10&wr_id=1358
77,신상정보 등록대상자,50,6,2,22,http://crime.gammyung.com/sex-crime/crime4-1.html
78,특수강제추행,90,7,2,39,http://crime.gammyung.com/bbs/board.php?bo_table=succession_case&num=-17&page=44&wr_id=873
79,업무상위력등에의한추행,50,5,2,39,http://crime.gammyung.com/sex-crime/molestation-4.html
80,형법 298조,50,7,2,19,http://crime.gammyung.com/sex-crime/molestation.html
81,트위터 간단 경찰,480,18,2,37,http://crime.gammyung.com/bbs/board.php?bo_table=column&page=2&wr_id=36
82,친족 성범죄사례,110,25,2,18,http://crime.gammyung.com/bbs/board.php?bo_table=succession_case&wr_id=1086
83,음란물 유포 죄,480,11,2,24,http://crime.gammyung.com/bbs/board.php?bo_table=press&page=5&wr_id=159
84,신상정보등록 주말,50,6,2,23,http://crime.gammyung.com/sex-crime/crime4-1.html
85,신상정보등록 조회,90,21,2,21,http://crime.gammyung.com/sex-crime/crime4-1.html
86,통매음 벌금,320,26,2,26,http://crime.gammyung.com/bbs/board.php?bo_table=succession_case&lawyer=5|%EC%95%88%EA%B0%91%EC%B2%A0%20%EB%B3%80%ED%98%B8%EC%82%AC&wr_id=1277
87,성착취,720,24,2,31,http://crime.gammyung.com/bbs/board.php?bo_table=column&wr_id=47
88,성범죄 변호사 상담,140,4,2,3,http://crime.gammyung.com/
89,금융거래정보 제공사실 통보서,1600,14,2,13,http://crime.gammyung.com/bbs/board.php?bo_table=online&page=407&wr_id=1532
90,강제추행,1000,13,2,8,http://crime.gammyung.com/sex-crime/molestation.html
91,추행,480,10,2,10,http://crime.gammyung.com/sex-crime/molestation-4.html
92,에스크 통매음,90,8,2,22,http://crime.gammyung.com/bbs/board.php?bo_table=online&wr_id=6072
93,명예훼손 합의 안하면,90,19,2,20,http://crime.gammyung.com/bbs/board.php?bo_table=succession_case&num=0&wr_id=1037
94,형사 전문법무법인,110,22,2,21,http://crime.gammyung.com/
95,맞선 임 뜻,90,7,2,13,http://crime.gammyung.com/bbs/board.php?bo_table=succession_case&num=-3&page=66&wr_id=517
96,미성년자 의제추행,90,9,2,25,http://crime.gammyung.com/bbs/board.php?bo_table=succession_case&wr_id=1168
97,위력에 의한 강요,70,5,2,16,http://crime.gammyung.com/bbs/board.php?bo_table=succession_case&page=51&wr_id=800
98,정통법,110,10,2,31,http://crime.gammyung.com/bbs/board.php?bo_table=succession_case&num=-15&page=59&wr_id=632
99,아동성 착취 물 기준,140,4,2,10,http://crime.gammyung.com/bbs/board.php?bo_table=column&wr_id=47
100,성 착취 물 이란,170,8,2,7,http://crime.gammyung.com/bbs/board.php?bo_table=column&num=-1&wr_id=39
101,고아원 성범죄,50,7,2,18,http://crime.gammyung.com/bbs/board.php?bo_table=succession_case&page=51&wr_id=784
102,단순시청 압수수색,50,7,2,22,http://crime.gammyung.com/bbs/board.php?bo_table=succession_case&sca=기타 성범죄&wr_id=1458
103,동종전과 기준,50,6,2,20,http://crime.gammyung.com/bbs/board.php?bo_table=succession_case&num=2&wr_id=1080
104,신상정보 등록 변경 발생,70,9,2,8,http://crime.gammyung.com/sex-crime/crime4-1.html
105,공중밀집장소추행 판례,50,6,2,33,http://crime.gammyung.com/sex-crime/molestation-3.html
106,성범죄 전문,70,4,2,45,http://crime.gammyung.com/
107,단순 시청 압수수색,50,6,2,17,http://crime.gammyung.com/bbs/board.php?bo_table=succession_case&sca=기타 성범죄&wr_id=1458
108,개인정보유포 합의금,70,9,2,21,http://crime.gammyung.com/bbs/board.php?bo_table=succession_case&num=2&wr_id=1062
109,신상정보 등록 주말,50,6,2,18,http://crime.gammyung.com/sex-crime/crime4-1.html
110,카메라등이용촬영죄 처벌,70,9,2,31,http://crime.gammyung.com/bbs/board.php?bo_table=succession_case&lawyer=15|장성민 변호사&wr_id=959
111,법무법인 심,390,20,2,22,http://crime.gammyung.com/member/lawyer-9.html
112,성매매 초범 벌금,70,4,2,37,http://crime.gammyung.com/bbs/board.php?bo_table=succession_case&wr_id=1009
113,신상정보 등록 기간,70,8,2,15,http://crime.gammyung.com/sex-crime/crime4-1.html
114,형법 제298조,70,7,1,20,http://crime.gammyung.com/sex-crime/molestation.html
115,보도 실장 처벌,90,11,1,13,http://crime.gammyung.com/bbs/board.php?bo_table=succession_case&wr_id=1009
116,담당수사관 배정,70,10,1,19,http://crime.gammyung.com/bbs/board.php?bo_table=online&page=156&wr_id=2305
117,존스쿨 교육 주말,110,12,1,15,http://crime.gammyung.com/bbs/board.php?bo_table=succession_case&num=2&wr_id=978
118,성범죄 신상공개,720,24,1,5,http://crime.gammyung.com/sex-crime/crime4-1.html
119,공중 밀집 장소 추행,140,18,1,14,http://crime.gammyung.com/bbs/board.php?bo_table=succession_case&num=3&wr_id=555
120,성 매수 처벌,70,17,1,36,http://crime.gammyung.com/bbs/board.php?bo_table=succession_case&page=6&wr_id=1472
121,형법 제 298조,70,20,1,15,http://crime.gammyung.com/bbs/board.php?bo_table=succession_case&num=-2&page=6&wr_id=1371
122,신상정보 등록 조회,90,20,1,16,http://crime.gammyung.com/sex-crime/crime4-1.html
123,통 매음 고소 취하,70,10,1,15,http://crime.gammyung.com/bbs/board.php?bo_table=succession_case&lawyer=5|%EC%95%88%EA%B0%91%EC%B2%A0%20%EB%B3%80%ED%98%B8%EC%82%AC&wr_id=1277
124,성범죄자 신상 공개기간,50,15,1,16,http://crime.gammyung.com/sex-crime/crime4-1.html
125,보도실장처벌,90,10,1,31,http://crime.gammyung.com/bbs/board.php?bo_table=succession_case&wr_id=1009
126,벌금 500 만원 전과,110,18,1,7,http://crime.gammyung.com/bbs/board.php?bo_table=succession_case&num=2&wr_id=1080
127,사이버 명예훼손 실제 사례,140,17,1,11,http://crime.gammyung.com/bbs/board.php?bo_table=succession_case&wr_id=1103
128,검찰송치 후 합의,260,30,1,18,http://crime.gammyung.com/bbs/board.php?bo_table=online&page=205&wr_id=4809
129,의제강제추행,110,17,1,40,http://crime.gammyung.com/bbs/board.php?bo_table=succession_case&wr_id=1168
130,성범죄 무고죄 합의금,90,20,1,21,http://crime.gammyung.com/bbs/board.php?bo_table=succession_case&wr_id=1475
131,착취물,50,9,1,32,http://crime.gammyung.com/bbs/board.php?bo_table=succession_case&num=2&wr_id=1261
132,주거침입강제추행,110,19,1,34,http://crime.gammyung.com/bbs/board.php?bo_table=succession_case&num=881&page=9&wr_id=1317
133,전담가게,210,19,1,31,http://crime.gammyung.com/
134,신상정보 등록기간,70,7,1,21,http://crime.gammyung.com/sex-crime/crime4-1.html
135,담당 수사관 배정,70,11,1,14,http://crime.gammyung.com/bbs/board.php?bo_table=online&page=156&wr_id=2305
136,아청물 소지 판례,110,11,1,26,http://crime.gammyung.com/bbs/board.php?bo_table=succession_case&wr_id=1215
137,위계 위력,70,20,1,18,http://crime.gammyung.com/sex-crime/molestation-4.html
138,준강제추행,260,12,1,46,http://crime.gammyung.com/bbs/board.php?bo_table=succession_case&num=-17&page=44&wr_id=873
139,통매음 쌍방,140,8,1,25,http://crime.gammyung.com/bbs/board.php?bo_table=succession_case&page=3&wr_id=1277
140,벌금 500만원 전과,110,12,1,15,http://crime.gammyung.com/bbs/board.php?bo_table=succession_case&num=2&wr_id=1080
141,신상정보 공개,110,12,1,19,http://crime.gammyung.com/sex-crime/crime4-1.html
142,통 매음 고소취하,70,18,1,20,http://crime.gammyung.com/bbs/board.php?bo_table=succession_case&page=5&wr_id=1495
143,카메라 촬영죄,90,16,1,26,http://crime.gammyung.com/bbs/board.php?bo_table=press&wr_id=222
144,인연이 아니라는 증거,320,21,1,13,http://crime.gammyung.com/bbs/board.php?bo_table=succession_case&num=-1&wr_id=1439
145,성범죄 집행유예취업,140,20,1,24,http://crime.gammyung.com/bbs/board.php?bo_table=succession_case&num=2&wr_id=1080
146,통매음 고소취하,70,19,1,25,http://crime.gammyung.com/bbs/board.php?bo_table=succession_case&page=5&wr_id=1495
147,초범 뜻,50,16,1,40,http://crime.gammyung.com/bbs/board.php?bo_table=succession_case&num=-1&page=53&wr_id=751
148,아동성착취물 처벌,170,12,1,40,http://crime.gammyung.com/bbs/board.php?bo_table=succession_case&page=7&wr_id=1458
149,미성년자 조건 처벌,140,17,1,22,http://crime.gammyung.com/bbs/board.php?bo_table=succession_case&num=0&wr_id=1364
150,미성년자 성 매수,50,5,1,13,http://crime.gammyung.com/bbs/board.php?bo_table=succession_case&num=0&wr_id=1364
151,성희롱 사례,170,33,1,23,http://crime.gammyung.com/bbs/board.php?bo_table=succession_case
152,통신 매체,110,13,1,20,http://crime.gammyung.com/bbs/board.php?bo_table=succession_case&wr_id=1054
153,경찰조사 진술번복,110,17,1,24,http://crime.gammyung.com/sex-crime/process.html
154,불 촬물 시청 처벌,140,10,1,8,http://crime.gammyung.com/bbs/board.php?bo_table=online&page=239&wr_id=4248
155,아동 성 착취 물 처벌,140,17,1,40,http://crime.gammyung.com/bbs/board.php?bo_table=succession_case&num=0&wr_id=1473
156,통매음 사례,320,13,1,24,http://crime.gammyung.com/bbs/board.php?bo_table=succession_case&lawyer=5|%EC%95%88%EA%B0%91%EC%B2%A0%20%EB%B3%80%ED%98%B8%EC%82%AC&wr_id=1277
157,성매수,140,18,1,32,http://crime.gammyung.com/bbs/board.php?bo_table=succession_case&num=-23&page=5&wr_id=1401
158,미성년 조건,170,21,1,27,http://crime.gammyung.com/bbs/board.php?bo_table=succession_case&num=0&wr_id=1364
159,통 매음 신고하는 법,320,20,1,7,http://crime.gammyung.com/bbs/board.php?bo_table=succession_case&lawyer=20|나상혁 변호사&wr_id=1466
160,아청물 뜻,140,9,1,2,http://crime.gammyung.com/bbs/board.php?bo_table=column&num=-1&wr_id=39
161,카메라등이용촬영죄,320,17,1,44,http://crime.gammyung.com/bbs/board.php?bo_table=succession_case&num=2&wr_id=959
162,명예훼손 초범 기소유예,70,11,1,22,http://crime.gammyung.com/bbs/board.php?bo_table=succession_case&page=10&wr_id=1355
163,신상정보등록조회,90,21,1,34,http://crime.gammyung.com/sex-crime/crime4-1.html
164,성범죄자 신상공개기간,50,16,1,21,http://crime.gammyung.com/sex-crime/crime4-1.html
165,존 스쿨 교육 주말,110,8,1,7,http://crime.gammyung.com/bbs/board.php?bo_table=succession_case&wr_id=1536
166,군인등강제추행,140,11,1,45,http://crime.gammyung.com/bbs/board.php?bo_table=succession_case&lawyer=5|%EC%95%88%EA%B0%91%EC%B2%A0%20%EB%B3%80%ED%98%B8%EC%82%AC&wr_id=1254
167,성범죄 무고죄 사례,170,12,1,24,http://crime.gammyung.com/bbs/board.php?bo_table=succession_case&lawyer=6|김승선 변호사&wr_id=1533
168,안일하게,140,12,1,31,http://crime.gammyung.com/bbs/board.php?bo_table=press&page=9&wr_id=79
169,보도실장 처벌,90,10,1,18,http://crime.gammyung.com/bbs/board.php?bo_table=succession_case&wr_id=1009
170,트위터 시청 처벌,170,14,1,15,http://crime.gammyung.com/bbs/board.php?bo_table=online&page=172&wr_id=5354
171,카메라 등이용촬영,70,14,1,34,http://crime.gammyung.com/bbs/board.php?bo_table=succession_case&num=-5&wr_id=961
172,통매음증거불충분,140,13,1,39,http://crime.gammyung.com/bbs/board.php?bo_table=succession_case&num=-1&wr_id=1330
173,성범죄 보안처분,70,19,1,32,http://crime.gammyung.com/bbs/board.php?bo_table=column&num=5&wr_id=48
174,신상정보 등록 직장,140,20,1,16,http://crime.gammyung.com/sex-crime/crime4-1.html
175,통매음 헌터 실제 고소,50,18,1,23,http://crime.gammyung.com/bbs/board.php?bo_table=succession_case&lawyer=5|%EC%95%88%EA%B0%91%EC%B2%A0%20%EB%B3%80%ED%98%B8%EC%82%AC&wr_id=1277
176,아청물,880,19,1,37,http://crime.gammyung.com/bbs/board.php?bo_table=column&page=2&wr_id=39
177,신상정보등록대상자,50,7,1,35,http://crime.gammyung.com/sex-crime/crime4-1.html
178,성범죄자 신상공개 기간,50,17,1,16,http://crime.gammyung.com/sex-crime/crime4-1.html
179,아청물 시청 처벌,170,3,1,46,http://crime.gammyung.com/bbs/board.php?bo_table=column&num=-1&wr_id=39
180,재범방지 서약서,140,12,1,25,http://crime.gammyung.com/bbs/board.php?bo_table=succession_case&num=-1&wr_id=842
181,성폭법,880,30,1,35,http://crime.gammyung.com/bbs/board.php?bo_table=succession_case&num=1&page=65&wr_id=526
182,사진유포죄,110,22,1,36,http://crime.gammyung.com/bbs/board.php?bo_table=succession_case&page=54&wr_id=736
183,장부단속 2년,70,13,1,18,http://crime.gammyung.com/bbs/board.php?bo_table=succession_case&wr_id=1009
184,통매음 고소 취하,70,11,1,23,http://crime.gammyung.com/bbs/board.php?bo_table=succession_case&lawyer=5|%EC%95%88%EA%B0%91%EC%B2%A0%20%EB%B3%80%ED%98%B8%EC%82%AC&wr_id=1277
185,카메라촬영죄,90,15,1,37,http://crime.gammyung.com/bbs/board.php?bo_table=press&wr_id=222
186,동종 전과 기준,50,6,1,15,http://crime.gammyung.com/bbs/board.php?bo_table=succession_case&num=2&wr_id=1080
187,신상 정보 공개,110,12,1,14,http://crime.gammyung.com/sex-crime/crime4-1.html
188,신상정보공개,110,11,1,32,http://crime.gammyung.com/sex-crime/crime4-1.html
189,통매음 초범 기소유예,70,16,1,21,http://crime.gammyung.com/bbs/board.php?bo_table=succession_case&lawyer=20|나상혁 변호사&wr_id=1466
190,친족 성범죄,110,12,1,19,http://crime.gammyung.com/bbs/board.php?bo_table=succession_case&num=1&wr_id=941
191,사안 제작 장소,50,10,1,13,http://crime.gammyung.com/bbs/board.php?bo_table=succession_case&wr_id=1544
192,트위터 마왕,1600,18,1,18,http://crime.gammyung.com/bbs/board.php?bo_table=online&page=172&wr_id=5354
193,단순시청 처벌 사례,140,22,1,48,http://crime.gammyung.com/bbs/board.php?bo_table=succession_case&wr_id=1493
194,지하철 신체접촉,50,4,1,21,http://crime.gammyung.com/bbs/board.php?bo_table=press&wr_id=216
195,롤 협박죄,50,12,1,20,http://crime.gammyung.com/bbs/board.php?bo_table=online&page=181
196,위계에 의한 강요,70,7,1,15,http://crime.gammyung.com/bbs/board.php?bo_table=succession_case&page=51&wr_id=800
197,공공장소 애정행각 처벌,90,20,1,13,http://crime.gammyung.com/sex-crime/crime3-2.html
198,공동폭행,140,18,1,34,http://crime.gammyung.com/bbs/board.php?bo_table=succession_case&page=70&wr_id=467
199,음란물 유포,320,26,1,28,http://crime.gammyung.com/bbs/board.php?bo_table=succession_case&num=1&page=20&wr_id=895
200,성착취물 시청 처벌,110,17,1,14,http://crime.gammyung.com/bbs/board.php?bo_table=succession_case&num=-1&wr_id=1252
201,반의사불벌죄 성범죄,50,18,1,22,http://crime.gammyung.com/bbs/board.php?bo_table=succession_case&num=5&wr_id=1309
202,준강제추행 초범,50,25,1,31,http://crime.gammyung.com/bbs/board.php?bo_table=succession_case&page=60&wr_id=619
203,상해 미수,140,20,1,19,http://crime.gammyung.com/bbs/board.php?bo_table=succession_case&num=6&wr_id=1310
204,신상 정보 등록 변경 발생,70,9,1,7,http://crime.gammyung.com/sex-crime/crime4-1.html
205,피상적,1900,33,1,31,http://crime.gammyung.com/bbs/board.php?bo_table=press&page=5&wr_id=157
206,강제추행처벌,70,14,1,43,http://crime.gammyung.com/sex-crime/molestation.html
207,미성년자 의제,170,17,1,23,http://crime.gammyung.com/bbs/board.php?bo_table=succession_case&num=1&wr_id=1213
208,성폭행 뜻,320,16,1,18,http://crime.gammyung.com/sex-crime/molestation.html
209,재물손괴 미수,90,14,1,20,http://crime.gammyung.com/bbs/board.php?bo_table=succession_case&num=-3&wr_id=930
210,폭행 합의 없이 기소유예,110,20,1,12,http://crime.gammyung.com/bbs/board.php?bo_table=succession_case&num=-1&wr_id=975
211,바바리맨처벌,70,10,1,37,http://crime.gammyung.com/bbs/board.php?bo_table=press&page=4&wr_id=166
212,형법 제245조,50,16,1,19,http://crime.gammyung.com/bbs/board.php?bo_table=column&wr_id=41
213,검찰송치 결정 하였습니다,50,15,1,17,http://crime.gammyung.com/bbs/board.php?bo_table=succession_case&wr_id=1176
214,아청물 소지 디시,50,13,1,16,http://crime.gammyung.com/bbs/board.php?bo_table=succession_case&num=2&wr_id=1261
215,신상정보등록 직장,140,20,1,21,http://crime.gammyung.com/sex-crime/crime4-1.html
216,통매음 헌터 무시,50,4,1,18,http://crime.gammyung.com/bbs/board.php?bo_table=succession_case&lawyer=5|%EC%95%88%EA%B0%91%EC%B2%A0%20%EB%B3%80%ED%98%B8%EC%82%AC&wr_id=1277
217,아동복지법 위반,170,12,1,24,http://crime.gammyung.com/bbs/board.php?bo_table=succession_case&wr_id=1135
218,통매음 기소유예,140,19,1,30,http://crime.gammyung.com/bbs/board.php?bo_table=succession_case&lawyer=5|%EC%95%88%EA%B0%91%EC%B2%A0%20%EB%B3%80%ED%98%B8%EC%82%AC&wr_id=1277
219,성매수 처벌,70,14,1,36,http://crime.gammyung.com/bbs/board.php?bo_table=succession_case&page=6&wr_id=1472
220,재범 방지 서약서,140,13,1,20,http://crime.gammyung.com/bbs/board.php?bo_table=succession_case&num=-1&wr_id=842
221,서라벌 한정식,170,13,1,19,http://crime.gammyung.com/
222,통매음 판례 모음,210,20,1,20,http://crime.gammyung.com/bbs/board.php?bo_table=succession_case&lawyer=5|%EC%95%88%EA%B0%91%EC%B2%A0%20%EB%B3%80%ED%98%B8%EC%82%AC&wr_id=1277
223,성범죄 집행유예 비자,140,18,1,17,http://crime.gammyung.com/mobile/sex-crime/crime4-2.html
224,여신전문금융업법 위반 처벌,50,17,1,14,http://crime.gammyung.com/bbs/board.php?bo_table=succession_case&num=1&wr_id=1079
225,단순 시청 처벌 사례,140,20,1,9,http://crime.gammyung.com/bbs/board.php?bo_table=succession_case&wr_id=1493
226,통 매음 포렌식,70,14,1,21,http://crime.gammyung.com/bbs/board.php?bo_table=online
227,한국 성범죄,90,16,1,10,http://crime.gammyung.com/
228,아청물 시청 처벌 사례,320,25,1,25,http://crime.gammyung.com/bbs/board.php?bo_table=succession_case&page=7&wr_id=1458
229,형사전문법무법인,110,22,1,21,http://crime.gammyung.com/
230,폭행미수,210,26,1,32,http://crime.gammyung.com/bbs/board.php?bo_table=succession_case&num=-3&wr_id=930
231,통매음 신고하는법,320,19,1,7,http://crime.gammyung.com/bbs/board.php?bo_table=succession_case&lawyer=20|나상혁 변호사&wr_id=1466
232,미성년자 관계,170,27,1,16,http://crime.gammyung.com/bbs/board.php?bo_table=succession_case&sca=성폭행&wr_id=1514
233,강제추행미수,70,16,1,44,http://crime.gammyung.com/bbs/board.php?bo_table=succession_case&page=15&sca=성추행&wr_id=1038
234,서라벌한정식,170,19,1,32,http://crime.gammyung.com/
235,성희롱 형법,50,11,1,21,http://crime.gammyung.com/sex-crime/molestation.html
236,메가 클라우드 단속,110,18,1,14,http://crime.gammyung.com/bbs/board.php?bo_table=succession_case&wr_id=1134
237,아동성착취,170,17,1,34,http://crime.gammyung.com/bbs/board.php?bo_table=succession_case&num=2&wr_id=1261
238,죄가많아,140,18,1,31,http://crime.gammyung.com/bbs/board.php?bo_table=column&page=2&wr_id=29
239,외국인폭행 처벌,50,23,1,21,http://crime.gammyung.com/bbs/board.php?bo_table=succession_case&page=6&wr_id=975
240,금고형 벌금형 차이,390,23,1,13,http://crime.gammyung.com/sex-crime/crime4-1.html
241,성착취물 처벌,50,12,1,18,http://crime.gammyung.com/bbs/board.php?bo_table=succession_case&page=7&wr_id=1458
242,여신전문금융업법위반 처벌,50,17,1,19,http://crime.gammyung.com/bbs/board.php?bo_table=succession_case&num=1&wr_id=1079
243,성폭행 기준,70,16,1,14,http://crime.gammyung.com/sex-crime/rape.html
244,성범죄 벌금,90,20,1,36,http://crime.gammyung.com/bbs/board.php?bo_table=succession_case&num=0&wr_id=843
245,기소유예 교육 연기,50,14,1,17,http://crime.gammyung.com/bbs/board.php?bo_table=succession_case&wr_id=1140
246,성병 상해죄,70,19,1,19,http://crime.gammyung.com/bbs/board.php?bo_table=online&page=227&wr_id=4417
247,기소유예공무원 합격,70,20,1,19,http://crime.gammyung.com/bbs/board.php?bo_table=succession_case&num=-14&page=3&wr_id=1245
248,폭행교사,70,12,1,32,http://crime.gammyung.com/bbs/board.php?bo_table=succession_case&num=14&page=48&wr_id=859
249,카촬죄,480,19,1,49,http://crime.gammyung.com/bbs/board.php?bo_table=succession_case&num=0&wr_id=1565
250,아동 성착취물 처벌,140,26,1,20,http://crime.gammyung.com/bbs/board.php?bo_table=succession_case&sca=기타 성범죄&wr_id=1458
251,카메라등이용촬영,70,16,1,47,http://crime.gammyung.com/bbs/board.php?bo_table=succession_case&num=2&wr_id=959
252,통매음 유도,140,8,1,26,http://crime.gammyung.com/bbs/board.php?bo_table=succession_case&lawyer=5|%EC%95%88%EA%B0%91%EC%B2%A0%20%EB%B3%80%ED%98%B8%EC%82%AC&wr_id=1277
253,단순 폭행 초범 기소유예,110,18,1,12,http://crime.gammyung.com/bbs/board.php?bo_table=succession_case&page=4&wr_id=1470
254,아청 물 처벌,50,5,1,33,http://crime.gammyung.com/bbs/board.php?bo_table=column&num=-1&wr_id=39
255,손바닥 점 재물,50,25,1,13,http://crime.gammyung.com/bbs/board.php?bo_table=succession_case&num=-3&wr_id=930
256,바바리맨,2400,35,1,31,http://crime.gammyung.com/bbs/board.php?bo_table=press&page=4&wr_id=166
257,친족 성범죄 사례,110,20,1,13,http://crime.gammyung.com/bbs/board.php?bo_table=succession_case&num=1&wr_id=953
258,멱살 합의금,90,11,1,20,http://crime.gammyung.com/bbs/board.php?bo_table=online&page=386
259,통매음 헌터,720,25,1,23,http://crime.gammyung.com/bbs/board.php?bo_table=succession_case&lawyer=5|%EC%95%88%EA%B0%91%EC%B2%A0%20%EB%B3%80%ED%98%B8%EC%82%AC&wr_id=1277
260,강제추행죄 처벌,140,18,1,30,http://crime.gammyung.com/sex-crime/molestation.html
261,서면 술집 스킨십,50,14,1,13,http://crime.gammyung.com/bbs/board.php?bo_table=succession_case&page=24&wr_id=1196
262,준강제추행 형량,70,20,1,43,http://crime.gammyung.com/sex-crime/molestation-2.html
263,외국인 폭행 처벌,50,21,1,16,http://crime.gammyung.com/bbs/board.php?bo_table=succession_case&page=6&wr_id=975
264,그루밍 성범죄 사례,110,7,1,16,http://crime.gammyung.com/bbs/board.php?bo_table=column&wr_id=45
265,신상정보 등록 재직 증명서,110,27,0,8,http://crime.gammyung.com/sex-crime/crime4-1.html
266,신상정보등록 디시,70,23,0,20,http://crime.gammyung.com/sex-crime/crime4-1.html
267,바바리맨 처벌,70,21,0,21,http://crime.gammyung.com/bbs/board.php?bo_table=press&page=4&wr_id=166
268,웰컴투비디오 링크,50,24,0,18,http://crime.gammyung.com/bbs/board.php?bo_table=succession_case&num=0&wr_id=1473
269,아동성착취물 디시,90,81,0,20,http://crime.gammyung.com/bbs/board.php?bo_table=succession_case&num=2&wr_id=1261
270,서초동 한정식 맛집,70,75,0,16,http://crime.gammyung.com/
271,금고 징역,90,91,0,18,http://crime.gammyung.com/bbs/board.php?bo_table=succession_case&wr_id=1043
272,여성편력 심한 사람,90,24,0,13,http://crime.gammyung.com/bbs/board.php?bo_table=succession_case&page=24&sca=성추행&wr_id=711
273,수원 성범죄변호사,50,80,0,3,http://crime.gammyung.com/
274,로드뷰 지도,260,79,0,26,http://crime.gammyung.com/
275,성희롱 벌금,70,27,0,26,http://crime.gammyung.com/sex-crime/molestation.html
276,무고죄 사례,70,53,0,22,http://crime.gammyung.com/bbs/board.php?bo_table=succession_case&page=3&sca=성폭행&wr_id=1359
277,과실치사 사례,70,50,0,20,http://crime.gammyung.com/bbs/board.php?bo_table=succession_case&wr_id=1029
278,형사전문 변호사,1600,57,0,23,http://crime.gammyung.com/
279,성폭력 특별법,170,67,0,21,http://crime.gammyung.com/sex-crime/rape-3.html
280,아동 성 착취,170,14,0,16,http://crime.gammyung.com/bbs/board.php?bo_table=succession_case&num=2&wr_id=1261
281,특수협박 성립요건,50,27,0,21,http://crime.gammyung.com/sex-crime/rape-3.html
282,법무법인 통,110,69,0,24,http://crime.gammyung.com/bbs/board.php?bo_table=online&page=8&wr_id=7904
283,무고죄 합의금,390,39,0,22,http://crime.gammyung.com/bbs/board.php?bo_table=succession_case&page=9&sca=성추행&wr_id=1281
284,미성년자성범죄,110,69,0,47,http://crime.gammyung.com/bbs/board.php?bo_table=column&num=-6&wr_id=33
285,살인예비,50,54,0,31,http://crime.gammyung.com/bbs/board.php?bo_table=online&wr_id=8244
286,성범죄 기소유예 비자,110,58,0,18,http://crime.gammyung.com/bbs/board.php?bo_table=succession_case&num=-14&page=59&wr_id=633
287,방실침입,50,33,0,33,http://crime.gammyung.com/bbs/board.php?bo_table=succession_case&num=3&page=32&wr_id=1083
288,박세영,4400,55,0,32,http://crime.gammyung.com/member/lawyer-21.html
289,성범죄 집행유예,110,89,0,31,http://crime.gammyung.com/bbs/board.php?bo_table=succession_case
290,아청 물 보는 법,170,27,0,7,http://crime.gammyung.com/bbs/board.php?bo_table=succession_case&wr_id=1215
291,성범죄 직장 통보,110,25,0,19,http://crime.gammyung.com/bbs/board.php?bo_table=succession_case&num=1&wr_id=1186
292,트위터 동영상 시청 기록,90,43,0,5,http://crime.gammyung.com/bbs/board.php?bo_table=succession_case&sca=기타 성범죄&wr_id=1458
293,통상적,480,35,0,31,http://crime.gammyung.com/bbs/board.php?bo_table=press&page=6&wr_id=146
294,금융정보 제공사실 통보서,90,29,0,13,http://crime.gammyung.com/bbs/board.php?bo_table=online&page=407&wr_id=1531
295,마커스 성범죄,320,57,0,19,http://crime.gammyung.com/
296,형사사건 판결문 조회,210,73,0,24,http://crime.gammyung.com/
297,성범죄 허위신고 비율,70,54,0,16,http://crime.gammyung.com/bbs/board.php?bo_table=succession_case&page=6&wr_id=1475
298,구약식기소,50,16,0,33,http://crime.gammyung.com/bbs/board.php?bo_table=online&page=375&sod=desc&sop=and&sst=wr_datetime&wr_id=2078
299,성범죄변호사 선임 비용,260,54,0,32,http://crime.gammyung.com/bbs/board.php?bo_table=online&page=247&wr_id=4149
300,성범죄자 알림e 기준,70,31,0,15,http://crime.gammyung.com/sex-crime/crime4-1.html
301,성매수자 초범,90,35,0,38,http://crime.gammyung.com/bbs/board.php?bo_table=succession_case&wr_id=1472
302,이 위력 경찰,70,39,0,13,http://crime.gammyung.com/bbs/board.php?bo_table=succession_case&wr_id=1185
303,성범죄 반의사불벌죄,50,40,0,23,http://crime.gammyung.com/bbs/board.php?bo_table=succession_case&page=2&wr_id=1495
304,세무 변호사,50,71,0,28,http://crime.gammyung.com/member/lawyer-5.html
305,돌 나라 성범죄,90,52,0,13,http://crime.gammyung.com/bbs/board.php?bo_table=succession_case&wr_id=1493
306,신상정보등록 경찰서,110,58,0,24,http://crime.gammyung.com/sex-crime/crime4-1.html
307,강제추행이란,50,4,0,2,http://crime.gammyung.com/sex-crime/molestation.html
308,모임유사,70,42,0,31,http://crime.gammyung.com/bbs/board.php?bo_table=succession_case&num=6&page=3&wr_id=1343
309,거짓말탐지기 조사후기,320,55,0,20,http://crime.gammyung.com/
310,관계 후 신고,170,57,0,21,http://crime.gammyung.com/bbs/board.php?bo_table=succession_case&page=11&sca=성폭행&wr_id=766
311,성범죄 기소유예 기록,210,47,0,21,http://crime.gammyung.com/bbs/board.php?bo_table=online&wr_id=6585
312,징역 또는 벌금,50,81,0,13,http://crime.gammyung.com/sex-crime/crime3-1.html
313,변호사 수임,260,93,0,20,http://crime.gammyung.com/
314,형법 297조,110,41,0,20,http://crime.gammyung.com/sex-crime/rape.html
315,경찰조사 전 합의,50,24,0,18,http://crime.gammyung.com/sex-crime/process.html
316,무단침입 가사,50,75,0,18,http://crime.gammyung.com/bbs/board.php?bo_table=succession_case&num=-2&wr_id=1257
317,이성호,1000,41,0,31,http://crime.gammyung.com/member/lawyer-11.html
318,기습추행,110,76,0,36,http://crime.gammyung.com/bbs/board.php?bo_table=precedent&wr_id=3
319,성범죄 반성문,110,40,0,26,http://crime.gammyung.com/bbs/board.php?bo_table=succession_case&num=-1&wr_id=938
320,형법 제 311조,110,73,0,13,http://crime.gammyung.com/bbs/board.php?bo_table=succession_case&num=-1&wr_id=985
321,성년의제,140,80,0,31,http://crime.gammyung.com/bbs/board.php?bo_table=succession_case&wr_id=1168
322,형사전문변호사,1600,90,0,1,http://crime.gammyung.com/bbs/board.php?bo_table=press&page=6&wr_id=135
323,위협죄,110,32,0,32,http://crime.gammyung.com/sex-crime/rape-3.html
324,점유물 이탈 횡령,70,53,0,17,http://crime.gammyung.com/bbs/board.php?bo_table=succession_case&num=1&wr_id=1079
325,신상정보등록 면제,50,22,0,22,http://crime.gammyung.com/sex-crime/crime4-1.html
326,위계,1600,37,0,31,http://crime.gammyung.com/bbs/board.php?bo_table=succession_case&wr_id=1185
327,미성년자가 고소하는법,50,42,0,30,http://crime.gammyung.com/bbs/board.php?bo_table=succession_case&wr_id=1472
328,성범죄 기소유예 확률,90,23,0,39,http://crime.gammyung.com/bbs/board.php?bo_table=succession_case&num=-2&page=52&wr_id=768
329,유사성 행위 처벌,90,57,0,13,http://crime.gammyung.com/bbs/board.php?bo_table=succession_case&num=1&wr_id=944
330,위계 간음죄,70,73,0,20,http://crime.gammyung.com/bbs/board.php?bo_table=succession_case&wr_id=1185
331,형법 제297조,70,41,0,19,http://crime.gammyung.com/sex-crime/rape.html
332,성범죄 기소유예 공무원,90,26,0,20,http://crime.gammyung.com/bbs/board.php?bo_table=succession_case&num=-1&wr_id=1191
333,미성년자 독립,50,74,0,18,http://crime.gammyung.com/bbs/board.php?bo_table=succession_case&wr_id=1472
334,위계관계,70,69,0,31,http://crime.gammyung.com/sex-crime/molestation-4.html
335,성범죄 전과 결혼,90,35,0,17,http://crime.gammyung.com/bbs/board.php?bo_table=succession_case&page=5&wr_id=1495
336,피의거짓 초반 무기,70,56,0,13,http://crime.gammyung.com/bbs/board.php?bo_table=succession_case&page=10&sca=성폭행&wr_id=784
337,존스쿨 기록,70,21,0,20,http://crime.gammyung.com/bbs/board.php?bo_table=succession_case&num=2&wr_id=978
338,성매매 종류,90,67,0,18,http://crime.gammyung.com/bbs/board.php?bo_table=succession_case&wr_id=1536
339,딥페이크 처벌 기준,390,23,0,17,http://crime.gammyung.com/bbs/board.php?bo_table=column&num=8&page=1&wr_id=50
340,직장동료와 술마시고,70,30,0,18,http://crime.gammyung.com/bbs/board.php?bo_table=succession_case&num=1&wr_id=1216
341,신상 유포 처벌,70,49,0,14,http://crime.gammyung.com/bbs/board.php?bo_table=succession_case&num=9&wr_id=561
342,건조물침입죄 처벌,50,57,0,22,http://crime.gammyung.com/bbs/board.php?bo_table=succession_case&page=24&sca=기타 성범죄&wr_id=427
343,딥페이크 처벌 사례,1000,68,0,3,http://crime.gammyung.com/bbs/board.php?bo_table=column&num=8&page=1&wr_id=50
344,영상 유포 처벌,90,57,0,24,http://crime.gammyung.com/bbs/board.php?bo_table=succession_case&wr_id=940
345,통매음 고소장 접수,70,34,0,7,http://crime.gammyung.com/bbs/board.php?bo_table=succession_case&lawyer=5|%EC%95%88%EA%B0%91%EC%B2%A0%20%EB%B3%80%ED%98%B8%EC%82%AC&wr_id=1277
346,딥페이크 법률,70,27,0,20,http://crime.gammyung.com/bbs/board.php?bo_table=column&num=8&page=1&wr_id=50
347,신상정보 등록 면제,50,22,0,17,http://crime.gammyung.com/sex-crime/crime4-1.html
348,특정성,590,59,0,32,http://crime.gammyung.com/bbs/board.php?bo_table=online&page=198&wr_id=4908
349,아청물 시청,170,26,0,24,http://crime.gammyung.com/bbs/board.php?bo_table=column&num=-1&wr_id=39
350,카메라이용촬영죄 초범,90,24,0,35,http://crime.gammyung.com/bbs/board.php?bo_table=succession_case&num=-5&wr_id=961
351,경찰 연락 기간,140,64,0,14,http://crime.gammyung.com/bbs/board.php?bo_table=succession_case&num=-1&wr_id=1173
352,상해미수,140,38,0,31,http://crime.gammyung.com/bbs/board.php?bo_table=succession_case&num=6&wr_id=1310
353,성폭력 무고,140,38,0,30,http://crime.gammyung.com/bbs/board.php?bo_table=succession_case&lawyer=6|김승선 변호사&wr_id=1533
354,랜덤비밀번호,480,98,0,32,http://crime.gammyung.com/bbs/board.php?bo_table=online&page=189&wr_id=5040
355,미성년자 간단 처벌,0,3,0,12,http://crime.gammyung.com/bbs/board.php?bo_table=succession_case&wr_id=1514
356,호부호자,50,90,0,31,http://crime.gammyung.com/bbs/board.php?bo_table=succession_case&lawyer=15|%EC%9E%A5%EC%84%B1%EB%AF%BC%20%EB%B3%80%ED%98%B8%EC%82%AC&wr_id=946
357,입건 전 조사종결,210,77,0,15,http://crime.gammyung.com/bbs/board.php?bo_table=succession_case&page=6
358,성범죄 고소취하,70,36,0,34,http://crime.gammyung.com/bbs/board.php?bo_table=succession_case&num=-3&wr_id=1370
359,위계간음죄,70,46,0,33,http://crime.gammyung.com/bbs/board.php?bo_table=succession_case&num=4&page=11&wr_id=996
360,소인의장난,70,26,0,31,http://crime.gammyung.com/bbs/board.php?bo_table=succession_case&wr_id=1043
361,아청,480,71,0,34,http://crime.gammyung.com/bbs/board.php?bo_table=succession_case&wr_id=1212
362,증거없는 성범죄,90,48,0,29,http://crime.gammyung.com/bbs/board.php?bo_table=succession_case&num=0&wr_id=998
363,위협 죄,110,27,0,19,http://crime.gammyung.com/sex-crime/rape-3.html
364,바바리맨 영상,50,39,0,19,http://crime.gammyung.com/bbs/board.php?bo_table=press&page=4&wr_id=166
365,주저없이,90,32,0,31,http://crime.gammyung.com/bbs/board.php?bo_table=press&page=5&wr_id=154
366,신고목적 촬영,50,94,0,18,http://crime.gammyung.com/bbs/board.php?bo_table=succession_case&page=7&wr_id=965
367,학교 무단침입 처벌,90,24,0,16,http://crime.gammyung.com/bbs/board.php?bo_table=succession_case&num=-16&page=71&wr_id=427
368,협박 미수,50,40,0,18,http://crime.gammyung.com/bbs/board.php?bo_table=online&wr_id=8274
369,폭행 미수 처벌,50,27,0,15,http://crime.gammyung.com/bbs/board.php?bo_table=succession_case&num=-3&wr_id=930
370,사이버명예훼손 고소장,70,58,0,27,http://crime.gammyung.com/bbs/board.php?bo_table=succession_case&wr_id=1103
371,성폭력 종류,110,86,0,22,http://crime.gammyung.com/sex-crime/crime4-1.html
372,무단침입 벌금,50,52,0,37,http://crime.gammyung.com/bbs/board.php?bo_table=succession_case&num=-6&wr_id=1095
373,동종전과,50,23,0,32,http://crime.gammyung.com/bbs/board.php?bo_table=succession_case&num=2&wr_id=1080
374,성범죄 판결,70,36,0,20,http://crime.gammyung.com/sex-crime/crime4-1.html
375,성범죄전과삭제,50,38,0,36,http://crime.gammyung.com/bbs/board.php?bo_table=succession_case&page=61&wr_id=603
376,휴대폰 압수수색 비밀번호,50,26,0,13,http://crime.gammyung.com/bbs/board.php?bo_table=online&wr_id=8190
377,화장실 카메라,110,48,0,28,http://crime.gammyung.com/bbs/board.php?bo_table=press&page=6&wr_id=138
378,성년의 제,140,92,0,18,http://crime.gammyung.com/bbs/board.php?bo_table=succession_case&wr_id=1168
379,스캇물 처벌,110,27,0,18,http://crime.gammyung.com/bbs/board.php?bo_table=succession_case&page=7&wr_id=1458
380,사이버명예훼손 벌금,50,49,0,25,http://crime.gammyung.com/bbs/board.php?bo_table=succession_case&wr_id=1103
381,공공장소,720,71,0,31,http://crime.gammyung.com/bbs/board.php?bo_table=succession_case&page=66&wr_id=484
382,처벌 불 원서 합의금,70,44,0,9,http://crime.gammyung.com/bbs/board.php?bo_table=succession_case&num=2&wr_id=1062
383,집행유예 검사항소,110,56,0,22,http://crime.gammyung.com/bbs/board.php?bo_table=succession_case&wr_id=1513
384,기소유예 우편,90,65,0,20,http://crime.gammyung.com/bbs/board.php?bo_table=succession_case&num=2&wr_id=1269
385,입건 전 조사 종결,210,38,0,7,http://crime.gammyung.com/bbs/board.php?bo_table=succession_case&wr_id=1479
386,공연히 뜻,390,59,0,18,http://crime.gammyung.com/bbs/board.php?bo_table=succession_case&num=2&wr_id=1180
387,성범죄 기소유예,90,69,0,32,http://crime.gammyung.com/bbs/board.php?bo_table=succession_case&num=-1&wr_id=1201
388,성폭력법,90,47,0,41,http://crime.gammyung.com/sex-crime/molestation.html
389,있었습니다,480,67,0,31,http://crime.gammyung.com/
390,기만 기망,260,33,0,18,http://crime.gammyung.com/bbs/board.php?bo_table=succession_case&num=644&page=6&wr_id=1067
391,신상정보 등록 면제 신청,210,52,0,8,http://crime.gammyung.com/sex-crime/crime4-1.html
392,성범죄의 종류 6가지,170,57,0,19,http://crime.gammyung.com/sex-crime/crime4-1.html
393,형법 329조,90,64,0,18,http://crime.gammyung.com/bbs/board.php?bo_table=succession_case&page=24&sfl=wr_subject&sop=and&stx=강제추행&wr_id=521
394,데이트폭력 처벌법,170,45,0,22,http://crime.gammyung.com/bbs/board.php?bo_table=press&page=6&wr_id=137
395,통매음 합의금 헌터,70,25,0,20,http://crime.gammyung.com/bbs/board.php?bo_table=succession_case&lawyer=5|%EC%95%88%EA%B0%91%EC%B2%A0%20%EB%B3%80%ED%98%B8%EC%82%AC&wr_id=1277
396,형법 제329조,90,61,0,19,http://crime.gammyung.com/bbs/board.php?bo_table=succession_case&page=24&sfl=wr_subject&sop=and&stx=강제추행&wr_id=521
397,아동 성 착취 물 디시,70,95,0,7,http://crime.gammyung.com/bbs/board.php?bo_table=succession_case&num=2&wr_id=1261
398,성희롱법,70,41,0,36,http://crime.gammyung.com/sex-crime/molestation.html
399,형법245조,70,62,0,35,http://crime.gammyung.com/bbs/board.php?bo_table=succession_case&page=30&wr_id=1099
400,형법 245조,70,61,0,22,http://crime.gammyung.com/bbs/board.php?bo_table=succession_case&page=30&wr_id=1099
401,성범죄 종류,210,86,0,36,http://crime.gammyung.com/sex-crime/crime4-1.html
402,증거 없는 성범죄,90,49,0,24,http://crime.gammyung.com/bbs/board.php?bo_table=succession_case&num=0&wr_id=998
403,신상정보 등록 면제 신청 방법,140,54,0,7,http://crime.gammyung.com/sex-crime/crime4-1.html
404,성범죄 무죄 입증,90,23,0,13,http://crime.gammyung.com/sex-crime/process.html
405,형법 305조,90,47,0,20,http://crime.gammyung.com/bbs/board.php?bo_table=succession_case&num=1&wr_id=1213
406,만16세 미만,50,23,0,30,http://crime.gammyung.com/bbs/board.php?bo_table=succession_case&wr_id=1514
407,카메라등이용촬영죄 판례,210,49,0,30,http://crime.gammyung.com/bbs/board.php?bo_table=succession_case&num=-4&page=55&wr_id=715
408,통 매음 합의 안하면,70,33,0,9,http://crime.gammyung.com/bbs/board.php?bo_table=online&page=8&wr_id=7904
409,이 사건은 재미있습니다,50,43,0,13,http://crime.gammyung.com/bbs/board.php?bo_table=succession_case&page=66&wr_id=491
410,신상유포죄,50,39,0,32,http://crime.gammyung.com/bbs/board.php?bo_table=press&page=7&wr_id=42
411,신고 목적 촬영,50,95,0,13,http://crime.gammyung.com/bbs/board.php?bo_table=succession_case&num=7&page=70&wr_id=484
412,아동 성착취,170,26,0,20,http://crime.gammyung.com/bbs/board.php?bo_table=succession_case&page=7&wr_id=1458
413,성판매자 처벌,90,50,0,25,http://crime.gammyung.com/bbs/board.php?bo_table=succession_case&page=23&wr_id=1224
414,정보통신 매체,50,90,0,18,http://crime.gammyung.com/bbs/board.php?bo_table=succession_case&wr_id=1054
415,성범죄 피해자 변호사,70,27,0,32,http://crime.gammyung.com/
416,기습추행 판례,50,94,0,29,http://crime.gammyung.com/bbs/board.php?bo_table=precedent&wr_id=3
417,기소 유예 전과,1000,51,0,15,http://crime.gammyung.com/bbs/board.php?bo_table=succession_case&wr_id=1503
418,전담 커뮤니티,50,88,0,18,http://crime.gammyung.com/bbs/board.php?bo_table=online&page=182&wr_id=5070
419,카메라이용촬영죄,50,21,0,34,http://crime.gammyung.com/bbs/board.php?bo_table=succession_case&num=2&wr_id=959
420,모임 유사,70,41,0,18,http://crime.gammyung.com/bbs/board.php?bo_table=succession_case&num=6&page=3&wr_id=1343
421,위력,390,95,0,31,http://crime.gammyung.com/bbs/board.php?bo_table=succession_case&page=51&wr_id=800
422,통매음 고소장,260,56,0,25,http://crime.gammyung.com/
423,통매음 전과,90,24,0,23,http://crime.gammyung.com/bbs/board.php?bo_table=succession_case&lawyer=5|%EC%95%88%EA%B0%91%EC%B2%A0%20%EB%B3%80%ED%98%B8%EC%82%AC&wr_id=1277
424,통매음 사과,50,22,0,23,http://crime.gammyung.com/bbs/board.php?bo_table=succession_case&num=-3&page=5&sca=기타 성범죄&wr_id=1296
425,변호사 강제주의,90,65,0,20,http://crime.gammyung.com/bbs/board.php?bo_table=press&wr_id=221
426,법무법인,4400,70,0,20,http://crime.gammyung.com/
427,형법 257조,50,40,0,18,http://crime.gammyung.com/bbs/board.php?bo_table=succession_case&page=16&wr_id=794
428,폭행 초범,70,54,0,22,http://crime.gammyung.com/bbs/board.php?bo_table=succession_case&page=70&wr_id=467
429,촬영물 이용협박 판례,50,22,0,22,http://crime.gammyung.com/bbs/board.php?bo_table=succession_case&num=1&wr_id=1362
430,쳐다 보는 사람 신고,50,43,0,5,http://crime.gammyung.com/sex-crime/crime3-2.html
431,성범죄 전과삭제,50,40,0,23,http://crime.gammyung.com/bbs/board.php?bo_table=succession_case&page=61&wr_id=603
432,공사장 b1,210,41,0,18,http://crime.gammyung.com/bbs/board.php?bo_table=succession_case&lawyer=15|%EC%9E%A5%EC%84%B1%EB%AF%BC%20%EB%B3%80%ED%98%B8%EC%82%AC&wr_id=943
433,성착취물이란,140,94,0,34,http://crime.gammyung.com/bbs/board.php?bo_table=column&wr_id=47
434,성범죄 집행유예 해외여행,170,16,0,2,http://crime.gammyung.com/bbs/board.php?bo_table=succession_case&num=4&sca=성추행&wr_id=1564
435,검찰송치후 무혐의,140,67,0,24,http://crime.gammyung.com/bbs/board.php?bo_table=succession_case&wr_id=1178
436,통매음 불송치,140,44,0,25,http://crime.gammyung.com/
437,검찰 처분결과 통지서,70,61,0,15,http://crime.gammyung.com/
438,딥페이크 시청 처벌 사례,880,42,0,9,http://crime.gammyung.com/bbs/board.php?bo_table=column&num=8&page=1&wr_id=50
439,범죄알리미,90,42,0,16,http://crime.gammyung.com/sex-crime/crime4-1.html
440,신상정보 등록 면제 신청방법,170,38,0,9,http://crime.gammyung.com/sex-crime/crime4-1.html
441,벌금 전과 취업,140,49,0,13,http://crime.gammyung.com/bbs/board.php?bo_table=succession_case&num=2&wr_id=1080
442,강제추행죄 초범,260,41,0,34,http://crime.gammyung.com/bbs/board.php?bo_table=succession_case&page=61&wr_id=600
443,기소유예 경찰 면접,50,31,0,14,http://crime.gammyung.com/bbs/board.php?bo_table=succession_case&num=3&page=1&wr_id=1190
444,군대 동성성범죄,70,53,0,23,http://crime.gammyung.com/bbs/board.php?bo_table=succession_case&num=1&page=10&wr_id=1358
445,전담하다,260,66,0,31,http://crime.gammyung.com/bbs/board.php?bo_table=succession_case&num=-2&wr_id=1119
446,치상,210,54,0,32,http://crime.gammyung.com/bbs/board.php?bo_table=succession_case&wr_id=1029
447,어깨동무가사,50,86,0,31,http://crime.gammyung.com/bbs/board.php?bo_table=succession_case&num=3&wr_id=1030
448,입건전 조사 종결,210,44,0,15,http://crime.gammyung.com/bbs/board.php?bo_table=succession_case&wr_id=1479
449,발빠르게,110,83,0,31,http://crime.gammyung.com/bbs/board.php?bo_table=column&wr_id=49
450,아청물 보는법,170,24,0,19,http://crime.gammyung.com/bbs/board.php?bo_table=succession_case&page=67&wr_id=513
451,사이버 그루밍,90,67,0,19,http://crime.gammyung.com/bbs/board.php?bo_table=succession_case&num=2&wr_id=1567
452,성범죄 허위 신고 비율,70,53,0,8,http://crime.gammyung.com/bbs/board.php?bo_table=succession_case&page=6&wr_id=1475
453,형량 뜻,110,41,0,49,http://crime.gammyung.com/sex-crime/molestation.html
454,통 매음 전과,90,24,0,18,http://crime.gammyung.com/bbs/board.php?bo_table=succession_case&lawyer=5|%EC%95%88%EA%B0%91%EC%B2%A0%20%EB%B3%80%ED%98%B8%EC%82%AC&wr_id=1277
455,합의금 요구 공갈죄,50,39,0,19,http://crime.gammyung.com/bbs/board.php?bo_table=succession_case&lawyer=2|도세훈 변호사&wr_id=1432
456,영상 판매 처벌,50,26,0,23,http://crime.gammyung.com/bbs/board.php?bo_table=succession_case&wr_id=940
457,군대 동성 경험,1300,39,0,14,http://crime.gammyung.com/bbs/board.php?bo_table=succession_case&num=1&wr_id=1482
458,감명 받다,260,56,0,18,http://crime.gammyung.com/bbs/board.php?bo_table=succession_case&wr_id=1168
459,법무,480,86,0,8,http://crime.gammyung.com/
460,개인정보 유포 처벌 사례,170,55,0,9,http://crime.gammyung.com/bbs/board.php?bo_table=succession_case&wr_id=940
461,모욕죄 검찰송치,50,26,0,25,http://crime.gammyung.com/bbs/board.php?bo_table=online&page=205
462,여신전문금융업법 위반,140,36,0,19,http://crime.gammyung.com/bbs/board.php?bo_table=succession_case&num=1&wr_id=1079
463,형법 제311조,110,81,0,18,http://crime.gammyung.com/bbs/board.php?bo_table=succession_case&num=-1&wr_id=985
464,카메라 이용촬영죄,50,22,0,22,http://crime.gammyung.com/bbs/board.php?bo_table=succession_case&num=2&wr_id=959
465,여신전문금융업법위반,140,37,0,32,http://crime.gammyung.com/bbs/board.php?bo_table=succession_case&num=1&wr_id=1079
466,미성년자 성범죄 처벌,50,66,0,27,http://crime.gammyung.com/bbs/board.php?bo_table=succession_case&wr_id=1514
467,자보고 만남 추구 사이트,50,54,0,18,http://crime.gammyung.com/
468,건조물침입죄,260,66,0,33,http://crime.gammyung.com/bbs/board.php?bo_table=succession_case&num=-16&page=71&wr_id=427
469,검찰 처분결과통지서,70,63,0,20,http://crime.gammyung.com/
470,경찰조사 연락,140,90,0,22,http://crime.gammyung.com/
471,신상정보등록 위반,140,58,0,25,http://crime.gammyung.com/sex-crime/crime4-1.html
472,군대 폭행 처벌,70,93,0,21,http://crime.gammyung.com/bbs/board.php?bo_table=succession_case&num=-4&wr_id=1532
473,소액 절도,90,55,0,22,http://crime.gammyung.com/bbs/board.php?bo_table=online&page=204&wr_id=4819
474,통 매음 협박죄,50,24,0,26,http://crime.gammyung.com/bbs/board.php?bo_table=online&page=3
475,통 매음 징역,50,64,0,16,http://crime.gammyung.com/bbs/board.php?bo_table=succession_case&lawyer=5|%EC%95%88%EA%B0%91%EC%B2%A0%20%EB%B3%80%ED%98%B8%EC%82%AC&wr_id=1277
476,반복 전화 처벌,70,86,0,15,http://crime.gammyung.com/sex-crime/crime3-1.html
477,아동 성착취물 디시,90,97,0,15,http://crime.gammyung.com/bbs/board.php?bo_table=succession_case&num=2&wr_id=1261
478,이수 성범죄,590,72,0,19,http://crime.gammyung.com/bbs/board.php?bo_table=succession_case&page=24&sca=기타 성범죄
479,직장 동료와 술 마시고,70,29,0,5,http://crime.gammyung.com/bbs/board.php?bo_table=succession_case&num=1&wr_id=1216
480,성범죄탄원서,50,30,0,40,http://crime.gammyung.com/bbs/board.php?bo_table=succession_case&sca=성폭행&wr_id=1486
481,준카메라,260,45,0,32,http://crime.gammyung.com/bbs/board.php?bo_table=succession_case&num=0&wr_id=971
482,성범죄 양형자료,70,67,0,34,http://crime.gammyung.com/bbs/board.php?bo_table=succession_case&num=862&page=4&wr_id=1298
483,피해자의견서,70,37,0,34,http://crime.gammyung.com/sex-crime/process.html
484,성범죄자 신상공개 기준,210,32,0,16,http://crime.gammyung.com/sex-crime/crime4-1.html
485,친족관계,90,75,0,31,http://crime.gammyung.com/bbs/board.php?bo_table=succession_case&num=1&wr_id=941
486,통매음 고소 절차,50,27,0,2,http://crime.gammyung.com/bbs/board.php?bo_table=succession_case&lawyer=5|%EC%95%88%EA%B0%91%EC%B2%A0%20%EB%B3%80%ED%98%B8%EC%82%AC&wr_id=1277
487,박세은 변호사,90,23,0,26,http://crime.gammyung.com/member/lawyer-21.html
488,음란,1600,53,0,31,http://crime.gammyung.com/bbs/board.php?bo_table=succession_case&page=43&wr_id=919
489,고소장 접수 하는 곳,50,97,0,12,http://crime.gammyung.com/
490,그루밍,4400,72,0,33,http://crime.gammyung.com/bbs/board.php?bo_table=column&wr_id=45
491,신상정보 공개 사이트,90,23,0,14,http://crime.gammyung.com/sex-crime/crime4-1.html
492,성범죄 가석방,70,51,0,23,http://crime.gammyung.com/bbs/board.php?bo_table=online&page=182&wr_id=5193
493,성범죄 전과 취업,90,39,0,16,http://crime.gammyung.com/bbs/board.php?bo_table=press&page=4&wr_id=176
494,성폭력특별법,170,82,0,34,http://crime.gammyung.com/sex-crime/rape-3.html
495,신상등록 면제신청,70,62,0,20,http://crime.gammyung.com/sex-crime/crime4-1.html
496,순간 판단력,50,47,0,18,http://crime.gammyung.com/bbs/board.php?bo_table=succession_case&lawyer=25|%EC%9E%84%EC%A7%80%EC%96%B8%20%EB%B3%80%ED%98%B8%EC%82%AC&wr_id=1339
497,마사지 손님 벌금,260,46,0,17,http://crime.gammyung.com/bbs/board.php?bo_table=succession_case&num=-4&wr_id=929
498,약식기소 후 합의,140,30,0,15,http://crime.gammyung.com/bbs/board.php?bo_table=succession_case&page=13&sca=성추행&wr_id=1147
499,성폭력범죄의 처벌 등에 관한 특례법 제2조,70,40,0,9,http://crime.gammyung.com/sex-crime/rape-3.html
500,변호사강제주의,90,89,0,33,http://crime.gammyung.com/bbs/board.php?bo_table=press&wr_id=221
501,딥페이크 범죄 처벌,50,33,0,18,http://crime.gammyung.com/bbs/board.php?bo_table=column&num=8&page=1&wr_id=50
502,스토킹 성범죄,50,25,0,26,http://crime.gammyung.com/bbs/board.php?bo_table=succession_case&num=9&page=5&sca=성폭행&wr_id=1307
503,로드뷰보기,210,98,0,37,http://crime.gammyung.com/
504,구약 식기 소,50,20,0,15,http://crime.gammyung.com/bbs/board.php?bo_table=online&page=375&sod=desc&sop=and&sst=wr_datetime&wr_id=2078
505,불 송치 무혐의 차이,210,36,0,6,http://crime.gammyung.com/bbs/board.php?bo_table=succession_case&num=-1&page=10&wr_id=1414
506,합의금 헌터,70,33,0,21,http://crime.gammyung.com/bbs/board.php?bo_table=succession_case&lawyer=5|%EC%95%88%EA%B0%91%EC%B2%A0%20%EB%B3%80%ED%98%B8%EC%82%AC&wr_id=1277
507,소액절도,90,45,0,35,http://crime.gammyung.com/bbs/board.php?bo_table=online&page=204&wr_id=4819
508,위계에 의한 간음죄,70,83,0,18,http://crime.gammyung.com/bbs/board.php?bo_table=succession_case&wr_id=1185
509,화평 씨,70,48,0,18,http://crime.gammyung.com/sex-crime/molestation.html
510,신상정보 뜻,50,27,0,18,http://crime.gammyung.com/sex-crime/crime4-1.html
511,모욕,1000,43,0,32,http://crime.gammyung.com/bbs/board.php?bo_table=succession_case&wr_id=1054
512,부천공고 사건,90,53,0,18,http://crime.gammyung.com/bbs/board.php?bo_table=succession_case&wr_id=1202
513,형사팀,50,91,0,32,http://crime.gammyung.com/
514,아동 성범죄 사례,90,67,0,13,http://crime.gammyung.com/bbs/board.php?bo_table=succession_case&page=7&wr_id=1458
515,전문 변호사,210,99,0,22,http://crime.gammyung.com/
516,위계 뜻,590,37,0,18,http://crime.gammyung.com/sex-crime/molestation-4.html
517,위력 뜻,210,24,0,18,http://crime.gammyung.com/sex-crime/molestation-4.html
518,주거침입 사례,70,26,0,22,http://crime.gammyung.com/bbs/board.php?bo_table=succession_case&page=32&wr_id=1078
519,성범죄 증거불충분,70,72,0,19,http://crime.gammyung.com/bbs/board.php?bo_table=succession_case&num=879&page=9&wr_id=1315
520,어깨동무 가사,50,84,0,18,http://crime.gammyung.com/bbs/board.php?bo_table=succession_case&num=3&wr_id=1030
521,소 상혁,90,27,0,18,http://crime.gammyung.com/bbs/board.php?bo_table=succession_case&page=24
522,클럽 부비부비 신고,140,80,0,19,http://crime.gammyung.com/bbs/board.php?bo_table=succession_case&wr_id=1543
523,강요죄 성립요건,170,38,0,20,http://crime.gammyung.com/bbs/board.php?bo_table=online&page=5&wr_id=8105
524,특수범죄,50,26,0,32,http://crime.gammyung.com/mobile/sex-crime/rape-3.html
525,여자 뒷모습,1300,39,0,18,http://crime.gammyung.com/bbs/board.php?bo_table=online&page=422&wr_id=132
526,무고죄 처벌 사례,50,65,0,21,http://crime.gammyung.com/bbs/board.php?bo_table=succession_case&wr_id=1475
527,무고죄 처벌사례,50,65,0,25,http://crime.gammyung.com/bbs/board.php?bo_table=succession_case&wr_id=1475
528,무단 침입 벌금,50,52,0,37,http://crime.gammyung.com/bbs/board.php?bo_table=succession_case&num=-6&wr_id=1095
529,공연 음란 죄,2400,42,0,19,http://crime.gammyung.com/bbs/board.php?bo_table=succession_case&num=-2&wr_id=919
530,성착취물 뜻,90,44,0,18,http://crime.gammyung.com/bbs/board.php?bo_table=succession_case&num=2&wr_id=1180
531,준강제추행 판례,70,34,0,29,http://crime.gammyung.com/bbs/board.php?bo_table=press&page=7&wr_id=65
532,신상정보등록 집행유예,70,26,0,22,http://crime.gammyung.com/sex-crime/crime4-1.html
533,형사사건 피해자 변호사,50,97,0,27,http://crime.gammyung.com/
534,증거 불충분 불송치,50,52,0,18,http://crime.gammyung.com/bbs/board.php?bo_table=succession_case&wr_id=1382
535,성매매 변호사,110,51,0,43,http://crime.gammyung.com/bbs/board.php?bo_table=succession_case
536,단독사고 보험 처리,90,39,0,17,http://crime.gammyung.com/bbs/board.php?bo_table=online&page=207&wr_id=4355
537,통 매음 합의금 평균,170,45,0,9,http://crime.gammyung.com/bbs/board.php?bo_table=succession_case&lawyer=5|%EC%95%88%EA%B0%91%EC%B2%A0%20%EB%B3%80%ED%98%B8%EC%82%AC&wr_id=1277
538,성범죄 뜻,70,36,0,6,http://crime.gammyung.com/sex-crime/molestation.html
539,전과 취업,90,70,0,18,http://crime.gammyung.com/bbs/board.php?bo_table=succession_case&num=2&wr_id=1080
540,사이버 명예훼손 고소장,70,89,0,22,http://crime.gammyung.com/bbs/board.php?bo_table=succession_case&wr_id=1103
541,1년은 몇초,170,28,0,18,http://crime.gammyung.com/bbs/board.php?bo_table=succession_case&num=-1&page=65&wr_id=533
542,쳐다보는 사람 신고,50,54,0,13,http://crime.gammyung.com/sex-crime/crime3-2.html
543,통매음 경찰 조사,50,27,0,22,http://crime.gammyung.com/bbs/board.php?bo_table=succession_case&lawyer=5|%EC%95%88%EA%B0%91%EC%B2%A0%20%EB%B3%80%ED%98%B8%EC%82%AC&wr_id=1277
544,금융거래정보 제공 사실 통보서 조회,170,43,0,6,http://crime.gammyung.com/bbs/board.php?bo_table=online&page=407&wr_id=1531
545,성범죄 결혼,90,72,0,22,http://crime.gammyung.com/bbs/board.php?bo_table=online&page=246&wr_id=4166
546,단순 폭행,110,63,0,22,http://crime.gammyung.com/bbs/board.php?bo_table=online&page=383&sod=desc&sop=and&sst=wr_datetime&wr_id=1950
547,법무법인 재유,110,35,0,23,http://crime.gammyung.com/member/lawyer-18.html
548,군인이란,50,47,0,31,http://crime.gammyung.com/bbs/board.php?bo_table=succession_case&num=858&wr_id=1294
549,준특수강도,50,51,0,32,http://crime.gammyung.com/bbs/board.php?bo_table=succession_case&page=12&sca=성폭행&wr_id=629
550,군대 크림,50,59,0,19,http://crime.gammyung.com/
551,폭행 합의없이 기소유예,110,25,0,21,http://crime.gammyung.com/bbs/board.php?bo_table=succession_case&num=-15&page=5&wr_id=1409
552,사진 유포죄 처벌,110,49,0,31,http://crime.gammyung.com/bbs/board.php?bo_table=succession_case&page=54&wr_id=736
553,범죄 알리미,90,32,0,18,http://crime.gammyung.com/sex-crime/crime4-1.html
554,캡챠 무력화,170,30,0,19,http://crime.gammyung.com/bbs/board.php?bo_table=online&wr_id=4314
555,금융거래정보제공 사실 안내,70,100,0,13,http://crime.gammyung.com/bbs/board.php?bo_table=online&page=407&wr_id=1531
556,협박미수,50,31,0,31,http://crime.gammyung.com/bbs/board.php?bo_table=online&wr_id=8274
557,통매음 제3자,70,40,0,21,http://crime.gammyung.com/bbs/board.php?bo_table=succession_case&num=-3&page=5&sca=기타 성범죄&wr_id=1296
558,아동복지법 17조,70,24,0,19,http://crime.gammyung.com/bbs/board.php?bo_table=succession_case&wr_id=1135
559,성범죄 고소 취하,70,34,0,29,http://crime.gammyung.com/bbs/board.php?bo_table=succession_case&num=-3&wr_id=1370
560,지하철 팔꿈치 추행,140,52,0,16,http://crime.gammyung.com/bbs/board.php?bo_table=press&wr_id=208
561,미성년자 의제 디시,210,96,0,17,http://crime.gammyung.com/bbs/board.php?bo_table=succession_case&wr_id=1168
562,신상유포 처벌,70,48,0,19,http://crime.gammyung.com/bbs/board.php?bo_table=succession_case&num=9&wr_id=561
563,트위터 아청물 시청 처벌,50,21,0,11,http://crime.gammyung.com/bbs/board.php?bo_table=succession_case&page=7&wr_id=1458
564,수원 성범죄 변호사,50,72,0,2,http://crime.gammyung.com/
565,경찰조사 분위기,50,45,0,24,http://crime.gammyung.com/bbs/board.php?bo_table=succession_case&wr_id=1212
566,스토킹 무혐의,70,49,0,29,http://crime.gammyung.com/bbs/board.php?bo_table=succession_case&num=9&page=5&sca=성폭행&wr_id=1307
567,신상정보등록 면제신청방법,170,23,0,22,http://crime.gammyung.com/sex-crime/crime4-1.html
568,통 매음 처벌,210,81,0,23,http://crime.gammyung.com/
569,증거불충분 불송치,50,39,0,23,http://crime.gammyung.com/bbs/board.php?bo_table=succession_case&wr_id=1382
570,고소인 조사 후기,90,46,0,15,http://crime.gammyung.com/
571,간단 처벌수위,0,1,0,17,http://crime.gammyung.com/bbs/board.php?bo_table=succession_case&wr_id=1514
572,항거불능 뜻,140,38,0,19,http://crime.gammyung.com/bbs/board.php?bo_table=succession_case&num=-17&page=44&wr_id=873
573,폭행합의없이 기소유예,110,28,0,26,http://crime.gammyung.com/bbs/board.php?bo_table=succession_case&num=-15&page=5&wr_id=1409
574,음행,390,69,0,31,http://crime.gammyung.com/bbs/board.php?bo_table=succession_case&page=16&wr_id=785
575,성희롱 법,70,40,0,23,http://crime.gammyung.com/sex-crime/molestation.html
576,재산포기각서,110,68,0,37,http://crime.gammyung.com/bbs/board.php?bo_table=online&page=204&wr_id=4828
577,정보통신매체,50,51,0,31,http://crime.gammyung.com/bbs/board.php?bo_table=succession_case&wr_id=1054
578,성범죄 벌금형 전과기록 삭제,70,50,0,12,http://crime.gammyung.com/bbs/board.php?bo_table=succession_case&page=6&wr_id=1284
579,술자리 스킨십,170,29,0,18,http://crime.gammyung.com/bbs/board.php?bo_table=succession_case&num=-2&page=5&wr_id=1487
580,법무 부사관,110,58,0,19,http://crime.gammyung.com/bbs/board.php?bo_table=succession_case&num=858&wr_id=1294
581,아동 복지법 17조,70,24,0,14,http://crime.gammyung.com/bbs/board.php?bo_table=succession_case&wr_id=1135
582,형법331조,50,51,0,31,http://crime.gammyung.com/bbs/board.php?bo_table=succession_case&page=10&sca=성폭행&wr_id=869
583,장부 단속 증거,70,22,0,13,http://crime.gammyung.com/bbs/board.php?bo_table=succession_case&page=15&wr_id=1271
584,성폭행 성폭력 차이,50,40,0,13,http://crime.gammyung.com/sex-crime/crime4-1.html
585,sns 거짓말 사례,50,41,0,13,http://crime.gammyung.com/
586,성범죄종류,210,84,0,36,http://crime.gammyung.com/sex-crime/crime4-1.html
587,성범죄 무죄입증,90,22,0,18,http://crime.gammyung.com/sex-crime/process.html
588,검찰 송치 결정하였습니다,70,45,0,17,http://crime.gammyung.com/bbs/board.php?bo_table=succession_case&wr_id=1139
589,통매음 협박,70,18,0,33,http://crime.gammyung.com/bbs/board.php?bo_table=succession_case&lawyer=5|%EC%95%88%EA%B0%91%EC%B2%A0%20%EB%B3%80%ED%98%B8%EC%82%AC&wr_id=1277
590,군인 전화받을때,50,49,0,20,http://crime.gammyung.com/bbs/board.php?bo_table=succession_case&page=22&wr_id=1240
591,경찰 조사 연락,140,90,0,17,http://crime.gammyung.com/
592,구글드라이브 비밀번호,110,53,0,18,http://crime.gammyung.com/bbs/board.php?bo_table=online&wr_id=8085
593,성 판매자 처벌,90,47,0,20,http://crime.gammyung.com/bbs/board.php?bo_table=succession_case&page=23&wr_id=1224
594,여신금융법 위반,50,25,0,21,http://crime.gammyung.com/bbs/board.php?bo_table=succession_case&num=1&wr_id=1079
595,미성년자 스킨십,50,30,0,21,http://crime.gammyung.com/bbs/board.php?bo_table=succession_case&wr_id=1520
596,성범죄 전과,50,99,0,45,http://crime.gammyung.com/bbs/board.php?bo_table=succession_case&num=2&wr_id=1080
597,서울역 한정식,110,81,0,19,http://crime.gammyung.com/
598,검찰 송치 결정 하였습니다,70,45,0,9,http://crime.gammyung.com/bbs/board.php?bo_table=succession_case&wr_id=1139
599,이위력 경찰,70,42,0,18,http://crime.gammyung.com/bbs/board.php?bo_table=succession_case&wr_id=1185
600,영상판매 처벌,50,26,0,28,http://crime.gammyung.com/bbs/board.php?bo_table=succession_case&wr_id=940
601,준 카메라,260,34,0,19,http://crime.gammyung.com/bbs/board.php?bo_table=succession_case&num=0&wr_id=971
602,간보는 여자,140,37,0,18,http://crime.gammyung.com/sex-crime/crime3-2.html
603,전문변호사,210,98,0,35,http://crime.gammyung.com/
604,신상정보 등록 집행유예,70,64,0,17,http://crime.gammyung.com/sex-crime/crime4-1.html
605,통매음 반의사불벌죄,70,21,0,20,http://crime.gammyung.com/bbs/board.php?bo_table=succession_case&page=5&wr_id=1495
606,유형력 뜻,50,33,0,18,http://crime.gammyung.com/sex-crime/molestation.html
607,경찰 조사 후기,260,69,0,15,http://crime.gammyung.com/
608,무고죄 비율,140,25,0,19,http://crime.gammyung.com/bbs/board.php?bo_table=succession_case&page=6&wr_id=1475
609,관계후 신고,170,41,0,26,http://crime.gammyung.com/bbs/board.php?bo_table=succession_case&page=11&sca=성폭행&wr_id=766
610,형사 옷차림,260,51,0,18,http://crime.gammyung.com/bbs/board.php?bo_table=press&wr_id=199
611,장성민,3600,49,0,32,http://crime.gammyung.com/member/lawyer-15.html
612,협박죄 성립,70,70,0,23,http://crime.gammyung.com/bbs/board.php?bo_table=online&page=207&wr_id=4778
613,형법 제305조,70,70,0,19,http://crime.gammyung.com/bbs/board.php?bo_table=succession_case&page=10&wr_id=1349
614,성범죄 취업제한 면제,70,35,0,19,http://crime.gammyung.com/bbs/board.php?bo_table=succession_case&num=2&wr_id=1080
615,스토킹처벌 사례,170,40,0,24,http://crime.gammyung.com/bbs/board.php?bo_table=succession_case&num=3&wr_id=1307
616,간 보는 여자,140,38,0,13,http://crime.gammyung.com/sex-crime/crime3-2.html
617,메가클라우드 수사,70,21,0,23,http://crime.gammyung.com/bbs/board.php?bo_table=succession_case&wr_id=1134
618,형법 제260조,90,32,0,19,http://crime.gammyung.com/bbs/board.php?bo_table=succession_case&page=70&wr_id=467
619,법무법인 동감,50,59,0,23,http://crime.gammyung.com/
620,친족성범죄,140,28,0,31,http://crime.gammyung.com/bbs/board.php?bo_table=succession_case&num=1&wr_id=941
621,성범죄 전과 삭제,50,43,0,18,http://crime.gammyung.com/bbs/board.php?bo_table=succession_case&page=6&wr_id=1284
622,유포 배포 차이,110,29,0,14,http://crime.gammyung.com/bbs/board.php?bo_table=succession_case&wr_id=940
623,신상정보 등록 재직증명서,110,38,0,16,http://crime.gammyung.com/sex-crime/crime4-1.html
624,통 매음 처벌 수위,110,36,0,13,http://crime.gammyung.com/bbs/board.php?bo_table=succession_case&lawyer=20|나상혁 변호사&wr_id=1466
625,dkz 추행,70,51,0,19,http://crime.gammyung.com/bbs/board.php?bo_table=succession_case&num=-2&wr_id=964
626,주거침입 초범 벌금,70,26,0,19,http://crime.gammyung.com/bbs/board.php?bo_table=succession_case&page=52&wr_id=771
627,특정성 성립,590,44,0,20,http://crime.gammyung.com/bbs/board.php?bo_table=online&page=198&wr_id=4908
628,통매음 초범 벌금,260,24,0,22,http://crime.gammyung.com/bbs/board.php?bo_table=succession_case&lawyer=20|나상혁 변호사&wr_id=1466
629,기소유예 공무원 합격,70,21,0,14,http://crime.gammyung.com/bbs/board.php?bo_table=succession_case&page=22&wr_id=1245
630,고소 전 합의,110,54,0,23,http://crime.gammyung.com/bbs/board.php?bo_table=online&page=174&wr_id=5322
631,손괴미수,70,20,0,31,http://crime.gammyung.com/bbs/board.php?bo_table=succession_case&num=-3&wr_id=930
632,특정 성,590,68,0,19,http://crime.gammyung.com/bbs/board.php?bo_table=online&page=198&wr_id=4908
633,카 촬죄 기소유예,90,38,0,33,http://crime.gammyung.com/bbs/board.php?bo_table=succession_case
634,임지석 변호사,50,73,0,22,http://crime.gammyung.com/member/main.html
635,카메라 이용 촬영 죄,50,23,0,19,http://crime.gammyung.com/bbs/board.php?bo_table=succession_case&num=2&wr_id=959
636,성범죄 재범,210,76,0,21,http://crime.gammyung.com/bbs/board.php?bo_table=succession_case&wr_id=1503
637,성착취 뜻,170,45,0,18,http://crime.gammyung.com/bbs/board.php?bo_table=succession_case&num=2&wr_id=1180
638,의제강제추행 뜻,170,45,0,22,http://crime.gammyung.com/bbs/board.php?bo_table=succession_case&wr_id=1168
639,감명받다,260,43,0,31,http://crime.gammyung.com/bbs/board.php?bo_table=succession_case&wr_id=1168
640,주거침입 합의금,320,40,0,23,http://crime.gammyung.com/bbs/board.php?bo_table=succession_case&num=-2&wr_id=1257
641,아동상담사례,50,98,0,37,http://crime.gammyung.com/
642,한정식 식당,110,84,0,19,http://crime.gammyung.com/
643,랜덤 비밀번호,480,83,0,18,http://crime.gammyung.com/bbs/board.php?bo_table=online&page=189&wr_id=5040
644,성범죄 벌금형 취업제한,50,44,0,20,http://crime.gammyung.com/bbs/board.php?bo_table=succession_case&num=2&wr_id=1080
645,성희롱 처벌 사례,70,34,0,25,http://crime.gammyung.com/sex-crime/molestation.html
646,형법 제 297조,70,59,0,14,http://crime.gammyung.com/sex-crime/rape.html
647,성범죄 재범방지교육,170,97,0,34,http://crime.gammyung.com/bbs/board.php?bo_table=succession_case&num=-1&wr_id=842
648,성범죄 탄원서,50,40,0,26,http://crime.gammyung.com/bbs/board.php?bo_table=succession_case&page=5&wr_id=1486
649,의사 성범죄 사례,70,62,0,13,http://crime.gammyung.com/bbs/board.php?bo_table=succession_case
650,주거침입 초범벌금,70,31,0,45,http://crime.gammyung.com/bbs/board.php?bo_table=succession_case&num=-6&wr_id=1095
651,성범죄 무죄,140,59,0,37,http://crime.gammyung.com/
652,사이버 명예훼손 사례,480,32,0,17,http://crime.gammyung.com/bbs/board.php?bo_table=succession_case&wr_id=1103
653,쌍방폭행 무혐의,70,23,0,27,http://crime.gammyung.com/bbs/board.php?bo_table=succession_case&num=1&page=41&wr_id=662
654,소인의 장난,50,24,0,18,http://crime.gammyung.com/bbs/board.php?bo_table=succession_case&wr_id=1043
655,유포죄,70,82,0,35,http://crime.gammyung.com/bbs/board.php?bo_table=press&page=5&wr_id=163
656,기소유예 전과,1000,61,0,20,http://crime.gammyung.com/bbs/board.php?bo_table=succession_case&wr_id=1503
657,아동성범죄 사례,90,91,0,62,http://crime.gammyung.com/bbs/board.php?bo_table=succession_case&page=7&wr_id=1458
658,허락없이 동영상 촬영,110,28,0,13,http://crime.gammyung.com/bbs/board.php?bo_table=succession_case&num=0&wr_id=1565
659,모욕죄 무혐의 사례,170,17,0,18,http://crime.gammyung.com/bbs/board.php?bo_table=succession_case&lawyer=5|%EC%95%88%EA%B0%91%EC%B2%A0%20%EB%B3%80%ED%98%B8%EC%82%AC&wr_id=1277
660,합의금 목적 고소,90,71,0,15,http://crime.gammyung.com/bbs/board.php?bo_table=succession_case&lawyer=5|%EC%95%88%EA%B0%91%EC%B2%A0%20%EB%B3%80%ED%98%B8%EC%82%AC&wr_id=1277
661,게임 모욕죄,90,34,0,22,http://crime.gammyung.com/bbs/board.php?bo_table=online&page=255&wr_id=4026
662,형법 제 260조,90,27,0,14,http://crime.gammyung.com/bbs/board.php?bo_table=succession_case&page=70&wr_id=467
663,과실 치상 벌금,50,43,0,16,http://crime.gammyung.com/bbs/board.php?bo_table=succession_case&wr_id=1029
664,구속영장 실질심사,260,40,0,20,http://crime.gammyung.com/bbs/board.php?bo_table=column&wr_id=49
665,구공판 기일,50,56,0,21,http://crime.gammyung.com/bbs/board.php?bo_table=online&page=422&wr_id=132
666,통매음 경찰조사,50,28,0,28,http://crime.gammyung.com/bbs/board.php?bo_table=succession_case&lawyer=5|%EC%95%88%EA%B0%91%EC%B2%A0%20%EB%B3%80%ED%98%B8%EC%82%AC&wr_id=1277
667,통매음 온라인 신고,70,18,0,7,http://crime.gammyung.com/bbs/board.php?bo_table=succession_case&lawyer=20|나상혁 변호사&wr_id=1466
668,신상정보 등록 면제 신청서,210,51,0,8,http://crime.gammyung.com/sex-crime/crime4-1.html
669,진 변호사 신상,140,41,0,14,http://crime.gammyung.com/bbs/board.php?bo_table=succession_case&wr_id=1178
670,형사전문,50,69,0,49,http://crime.gammyung.com/
671,첫 모텔,90,30,0,19,http://crime.gammyung.com/bbs/board.php?bo_table=online&page=389&wr_id=1845
672,개인정보유포죄,140,49,0,33,http://crime.gammyung.com/bbs/board.php?bo_table=press&page=7&wr_id=42
673,통 매음 법,70,94,0,18,http://crime.gammyung.com/bbs/board.php?bo_table=succession_case&lawyer=20|나상혁 변호사&wr_id=1466
674,통매음 합의,210,44,0,25,http://crime.gammyung.com/bbs/board.php?bo_table=succession_case&lawyer=5|%EC%95%88%EA%B0%91%EC%B2%A0%20%EB%B3%80%ED%98%B8%EC%82%AC&wr_id=1277
675,조건만남 강간,0,31,0,17,http://crime.gammyung.com/bbs/board.php?bo_table=succession_case&wr_id=1168
676,성범죄 변호사 선임비용,260,44,0,38,http://crime.gammyung.com/bbs/board.php?bo_table=online&page=247&wr_id=4149
677,폭행죄 증거불충분,170,34,0,23,http://crime.gammyung.com/bbs/board.php?bo_table=succession_case&page=21&sca=성추행&wr_id=826
678,성범죄 벌금형,90,21,0,33,http://crime.gammyung.com/sex-crime/crime4-1.html
679,보호처분 뜻,70,62,0,18,http://crime.gammyung.com/bbs/board.php?bo_table=succession_case&num=2&wr_id=1180
680,형법 331조,50,52,0,18,http://crime.gammyung.com/bbs/board.php?bo_table=succession_case&page=10&sca=성폭행&wr_id=869
681,통 매음 벌금,320,22,0,17,http://crime.gammyung.com/bbs/board.php?bo_table=succession_case&lawyer=5|%EC%95%88%EA%B0%91%EC%B2%A0%20%EB%B3%80%ED%98%B8%EC%82%AC&wr_id=1277
682,성폭력 뜻,170,45,0,18,http://crime.gammyung.com/sex-crime/molestation.html
683,명예훼손 징역,70,84,0,20,http://crime.gammyung.com/bbs/board.php?bo_table=succession_case&num=0&wr_id=1037
684,개인정보 유포 처벌,70,76,0,16,http://crime.gammyung.com/bbs/board.php?bo_table=succession_case&wr_id=940
685,순간판단력,50,48,0,31,http://crime.gammyung.com/bbs/board.php?bo_table=succession_case&lawyer=25|%EC%9E%84%EC%A7%80%EC%96%B8%20%EB%B3%80%ED%98%B8%EC%82%AC&wr_id=1339
686,이성호 판사,210,30,0,18,http://crime.gammyung.com/member/lawyer-11.html
687,건조물침입,260,52,0,33,http://crime.gammyung.com/bbs/board.php?bo_table=succession_case&num=1&page=52&wr_id=771
688,과실치상 벌금,50,42,0,21,http://crime.gammyung.com/bbs/board.php?bo_table=succession_case&wr_id=1029
689,경찰조사 변호사,170,47,0,24,http://crime.gammyung.com/
690,피해자의 일관된 진술,90,26,0,17,http://crime.gammyung.com/bbs/board.php?bo_table=succession_case&num=-1&wr_id=1201
691,명예훼손 사례,140,63,0,21,http://crime.gammyung.com/bbs/board.php?bo_table=succession_case&wr_id=1054
692,의사에 반하여,50,38,0,18,http://crime.gammyung.com/sex-crime/rape-3.html
693,모욕죄 맞고소,50,34,0,22,http://crime.gammyung.com/bbs/board.php?bo_table=succession_case&lawyer=5|%EC%95%88%EA%B0%91%EC%B2%A0%20%EB%B3%80%ED%98%B8%EC%82%AC&wr_id=1277
694,만 13세,210,27,0,16,http://crime.gammyung.com/bbs/board.php?bo_table=succession_case&wr_id=1202
695,법무법인 오라클,170,38,0,20,http://crime.gammyung.com/member/lawyer-15.html
696,사이버 명예훼손 벌금,50,62,0,20,http://crime.gammyung.com/bbs/board.php?bo_table=succession_case&wr_id=1103
697,주거침입 벌금,50,59,0,35,http://crime.gammyung.com/bbs/board.php?bo_table=succession_case&num=-6&wr_id=1095
698,성범죄 연예인,110,51,0,5,http://crime.gammyung.com/bbs/board.php?bo_table=succession_case&num=5&page=57&wr_id=708
699,여신 금융법 위반,50,23,0,16,http://crime.gammyung.com/bbs/board.php?bo_table=succession_case&num=1&wr_id=1079
700,성범죄자 취업제한 면제,90,50,0,20,http://crime.gammyung.com/bbs/board.php?bo_table=succession_case&num=2&wr_id=1080
701,여죄 뜻,170,70,0,18,http://crime.gammyung.com/bbs/board.php?bo_table=succession_case&page=70&wr_id=424
702,신명진 변호사,70,86,0,21,http://crime.gammyung.com/member/lawyer-9.html
703,특수 폭행,1300,39,0,19,http://crime.gammyung.com/bbs/board.php?bo_table=succession_case&num=-1&page=16&wr_id=863
704,모텔 녹음,260,50,0,19,http://crime.gammyung.com/bbs/board.php?bo_table=succession_case&page=44&wr_id=900
705,아동 착취,140,84,0,18,http://crime.gammyung.com/bbs/board.php?bo_table=succession_case&page=7&wr_id=1234
706,특수 범죄,50,21,0,19,http://crime.gammyung.com/mobile/sex-crime/rape-3.html
707,예비죄,90,44,0,31,http://crime.gammyung.com/bbs/board.php?bo_table=online&wr_id=8244
708,모텔 cctv 보관 기간,170,24,0,5,http://crime.gammyung.com/bbs/board.php?bo_table=succession_case&num=1&page=5&sca=성폭행&wr_id=1250
709,사기죄 뜻,70,30,0,28,http://crime.gammyung.com/bbs/board.php?bo_table=succession_case&page=63&wr_id=569
710,강 영리 사건,50,44,0,13,http://crime.gammyung.com/bbs/board.php?bo_table=succession_case&page=2&wr_id=1505
711,진변호사 신상,140,47,0,19,http://crime.gammyung.com/bbs/board.php?bo_table=succession_case&wr_id=1178
712,신상정보 등록 경찰서,110,56,0,19,http://crime.gammyung.com/sex-crime/crime4-1.html
713,강제추행죄 합의금,140,68,0,17,http://crime.gammyung.com/bbs/board.php?bo_table=succession_case&page=28&sca=성추행&wr_id=586
714,허위사실 명예훼손 초범,50,24,0,21,http://crime.gammyung.com/bbs/board.php?bo_table=succession_case&page=10&wr_id=1355
715,통 매음 경찰 조사,50,29,0,15,http://crime.gammyung.com/bbs/board.php?bo_table=succession_case&lawyer=5|%EC%95%88%EA%B0%91%EC%B2%A0%20%EB%B3%80%ED%98%B8%EC%82%AC&wr_id=1277
716,존속폭행,210,66,0,32,http://crime.gammyung.com/bbs/board.php?bo_table=succession_case&page=70&wr_id=467
717,재범 율,70,35,0,18,http://crime.gammyung.com/bbs/board.php?bo_table=succession_case&wr_id=1503
718,면책 결정,50,83,0,20,http://crime.gammyung.com/
719,건조물 침입,260,52,0,20,http://crime.gammyung.com/bbs/board.php?bo_table=succession_case&num=1&page=52&wr_id=771
720,지적장애 성범죄,110,90,0,21,http://crime.gammyung.com/bbs/board.php?bo_table=succession_case&num=1&wr_id=953
721,통 매음 경찰조사,50,28,0,23,http://crime.gammyung.com/bbs/board.php?bo_table=succession_case&lawyer=5|%EC%95%88%EA%B0%91%EC%B2%A0%20%EB%B3%80%ED%98%B8%EC%82%AC&wr_id=1277
722,성범죄 무고 비율,320,33,0,18,http://crime.gammyung.com/bbs/board.php?bo_table=succession_case&page=6&wr_id=1475
723,피해자 변호사,90,95,0,30,http://crime.gammyung.com/
724,신상정보등록 해외여행,90,42,0,19,http://crime.gammyung.com/sex-crime/crime4-1.html
725,통매음 합의금 평균,210,62,0,17,http://crime.gammyung.com/bbs/board.php?bo_table=succession_case&lawyer=5|%EC%95%88%EA%B0%91%EC%B2%A0%20%EB%B3%80%ED%98%B8%EC%82%AC&wr_id=1277
726,강제추행죄 형량,70,30,0,38,http://crime.gammyung.com/sex-crime/molestation.html
727,모욕죄 초범 기소유예,70,28,0,18,http://crime.gammyung.com/bbs/board.php?bo_table=succession_case&num=1&page=11&wr_id=1337
728,스토킹 처벌법 판례,140,59,0,20,http://crime.gammyung.com/bbs/board.php?bo_table=succession_case&num=3&wr_id=1307
729,벌금전과 취업,140,47,0,18,http://crime.gammyung.com/bbs/board.php?bo_table=succession_case&num=2&wr_id=1080
730,군대에서 고소당하면,90,54,0,24,http://crime.gammyung.com/bbs/board.php?bo_table=succession_case&page=22&wr_id=1240
731,처벌 수위,50,34,0,18,http://crime.gammyung.com/bbs/board.php?bo_table=column&wr_id=43
732,군인 전화 받을 때,50,49,0,7,http://crime.gammyung.com/bbs/board.php?bo_table=succession_case&page=22&wr_id=1240
733,처벌불원서 합의금,70,46,0,22,http://crime.gammyung.com/bbs/board.php?bo_table=succession_case&num=2&wr_id=1062
734,연락하는 친구없음,90,55,0,19,http://crime.gammyung.com/
735,주거침입처벌,260,87,0,32,http://crime.gammyung.com/bbs/board.php?bo_table=succession_case&num=-6&wr_id=1095
736,토지사용승낙서 효력,90,36,0,19,http://crime.gammyung.com/bbs/board.php?bo_table=online&page=206&wr_id=4784
737,2023도13081,170,37,0,31,http://crime.gammyung.com/bbs/board.php?bo_table=succession_case&num=-1&wr_id=1490
738,경찰조사 후기,260,68,0,20,http://crime.gammyung.com/
739,통매음 처벌,210,81,0,28,http://crime.gammyung.com/
740,통매음 사진 기준,50,53,0,15,http://crime.gammyung.com/
741,메가 클라우드 수사,70,23,0,16,http://crime.gammyung.com/bbs/board.php?bo_table=succession_case&wr_id=1134
742,퇴거불응,140,55,0,33,http://crime.gammyung.com/bbs/board.php?bo_table=succession_case&page=51&wr_id=794
743,통 매음 합의금 헌터,70,26,0,12,http://crime.gammyung.com/bbs/board.php?bo_table=succession_case&lawyer=5|%EC%95%88%EA%B0%91%EC%B2%A0%20%EB%B3%80%ED%98%B8%EC%82%AC&wr_id=1277
744,성희롱 뜻,480,52,0,18,http://crime.gammyung.com/sex-crime/molestation.html
745,약식기소 기소유예,50,40,0,21,http://crime.gammyung.com/bbs/board.php?bo_table=succession_case&page=13&sca=성추행&wr_id=1147
746,성범죄 변호사 디시,70,42,0,33,http://crime.gammyung.com/
747,성인 만남,390,84,0,37,http://crime.gammyung.com/
748,준 특수강 도,50,49,0,14,http://crime.gammyung.com/bbs/board.php?bo_table=succession_case&page=12&sca=성폭행&wr_id=629
749,성희롱죄,50,34,0,37,http://crime.gammyung.com/bbs/board.php?bo_table=press&page=4&wr_id=178
750,성범죄 판례,50,67,0,37,http://crime.gammyung.com/bbs/board.php?bo_table=precedent
751,단독사고 보험처리,90,37,0,22,http://crime.gammyung.com/bbs/board.php?bo_table=online&page=207&wr_id=4355
752,절도죄 증거,90,39,0,24,http://crime.gammyung.com/bbs/board.php?bo_table=succession_case&num=-1&page=70&wr_id=457
753,과실치상 구성요건,110,50,0,20,http://crime.gammyung.com/bbs/board.php?bo_table=succession_case&num=-6&wr_id=543
754,허락 없이 동영상 촬영,110,29,0,5,http://crime.gammyung.com/bbs/board.php?bo_table=succession_case&num=0&wr_id=1565
755,성범죄 신상공개 기준,210,30,0,16,http://crime.gammyung.com/sex-crime/crime4-1.html
756,성희롱 합의금,110,30,0,18,http://crime.gammyung.com/bbs/board.php?bo_table=online&page=382&sod=desc&sop=and&sst=wr_datetime
757,만 16세 이상 합의 관계,110,34,0,34,http://crime.gammyung.com/bbs/board.php?bo_table=succession_case&wr_id=1514
758,고르고 13 다시보기,90,51,0,14,http://crime.gammyung.com/
759,장애인 성범죄,50,61,0,22,http://crime.gammyung.com/bbs/board.php?bo_table=succession_case&num=-1&page=10&wr_id=1385
760,강제추행치상,70,27,0,44,http://crime.gammyung.com/bbs/board.php?bo_table=succession_case&lawyer=6|김승선 변호사&wr_id=1556
761,맞고소 절차,50,53,0,25,http://crime.gammyung.com/bbs/board.php?bo_table=succession_case&num=3&wr_id=1030
762,동의 없이 사진 촬영,210,37,0,5,http://crime.gammyung.com/bbs/board.php?bo_table=succession_case&num=-1&page=6&wr_id=1469
763,군인폭행,90,38,0,32,http://crime.gammyung.com/bbs/board.php?bo_table=succession_case&num=-2&wr_id=1532
764,신상정보등록 재직증명서,110,24,0,21,http://crime.gammyung.com/sex-crime/crime4-1.html
765,여자 뒷모습 전신,110,24,0,13,http://crime.gammyung.com/bbs/board.php?bo_table=online&page=422&wr_id=132
766,트위터 동영상 시청기록,90,46,0,13,http://crime.gammyung.com/bbs/board.php?bo_table=succession_case&sca=기타 성범죄&wr_id=1458
767,폭행 미수,210,27,0,19,http://crime.gammyung.com/bbs/board.php?bo_table=succession_case&num=-3&wr_id=930
768,토지 사용 승낙서 효력,90,41,0,6,http://crime.gammyung.com/bbs/board.php?bo_table=online&page=206&wr_id=4784
769,온라인 상담,260,65,0,18,http://crime.gammyung.com/bbs/board.php?bo_table=online
770,점유이탈물,140,69,0,31,http://crime.gammyung.com/bbs/board.php?bo_table=succession_case&num=1&wr_id=1079
771,구속 영장 실질 심사,260,54,0,9,http://crime.gammyung.com/bbs/board.php?bo_table=column&wr_id=49
772,구류 뜻,320,65,0,18,http://crime.gammyung.com/bbs/board.php?bo_table=succession_case&num=-3&page=66&wr_id=517
